path,sha256
results/real_program/raw/iso20022_generation.csv,3f113ca9de62dcf019f5eac6c23e4964cddea2d87d71179a1c1e386209373c0a
results/real_program/raw/iso20022_mutations.csv,b617eb402272c45dfa36fec9997ed53e546264f05174ed667fb68879f2616273
results/real_program/raw/iso20022_validation.csv,1d6a2fd3a3ab65d63af47354cdc3c27b5535c3aa78500c4694aef3df8a0c299e
results/real_program/raw/quantlib_generation.csv,626fab973b0d5c21cac327f9540c848698484b9d0712fc8ec94b48a280c72a46
results/real_program/raw/quantlib_metamorphic.csv,1fc8f19ed94bccfd1fb8399ca25a646da937e201067a60f379bf630a23670ac8
results/real_program/raw/quantlib_oracles.csv,bfad41d34c6e3f79091d7be0aecf6b83b8936a710afb640ecdd2e31b20faea1e
results/real_program/raw/real_program_scale_duplicates.csv,73e314b9884aa3334e78f3dc200a7fdadda759d4914df14d25817957166bd9e4
results/real_program/raw/real_program_scale_workers.csv,24690d7b4a85e5ba45a198da16add0badb324d8c312e5a4482747f8d65500dfd
results/real_program/raw/simplefix_methods.csv,d67a601af88b88ea0a659d80c03ba4d86704b3d54987084bf41ce14f9e853977
results/real_program/raw/simplefix_mutations.csv,cfe085c3e803a62a4231dd1f182be9942d71375da994706b442403dc5dd65661
results/real_program/processed/.coverage.simplefix.local_uniform_grammar,a2814685aa0c7c7d602609ed5cb5fc3601743603e391b625775dd5f46e08fa26
results/real_program/processed/.coverage.simplefix.pdrs_with_replacement,d72ac54a73f59f6e4e91be2eac96bf3015e067eebde159c3ea72b983db1aca55
results/real_program/processed/.coverage.simplefix.pdrs_without_replacement,d72ac54a73f59f6e4e91be2eac96bf3015e067eebde159c3ea72b983db1aca55
results/real_program/processed/environment.json,c3395b2cc9d6ac9a47a9c720fbd740cf83dfba723184b96be3ca33e09a4d7f0a
results/real_program/processed/iso20022_summary.json,756bddeae0314b64ededbe5ffea0e0bbe5e9cb4729dc0f988a5c6d8c20c5d9fd
results/real_program/processed/quantlib_summary.json,ac72c842b39fc82082f957152dbd993ec9f6097d7a302b997b43b7cb68d4c752
results/real_program/processed/real_program_scale_summary.json,162abfd54165389c7bcac6f9d1e2b88eaed5870f08f93fcb98ea757e0927d98c
results/real_program/processed/real_program_summary.json,f4eceec911172a2202927b4de059d817cb2f1c273c3fab7d2f9e27db52216098
results/real_program/processed/simplefix_coverage_local_uniform_grammar.json,462055f715575a0b4535563cacd507d992c4ead5d1c0063a2fba0eb4e7cbbc66
results/real_program/processed/simplefix_coverage_pdrs_with_replacement.json,e4d5af44590c1c321b0429c79125f2e45f331954524806a6dd9bc206b71e3f01
results/real_program/processed/simplefix_coverage_pdrs_without_replacement.json,ebee3e955f1b6424bb0396613e5d24d887ab670b5c5c8c64a7ecf47bc8174e05
results/real_program/processed/simplefix_summary.json,135a2e736788e8be1a91be91464ec824606f51d5f5ec8824e9e62979526bbc45
results/real_program/figures/iso20022_mutation_rejection.png,20200e232ec8bbbccc7b2aeb5e2ee813e4784ef8ce34498cbad726e7fb54bd14
results/real_program/figures/iso20022_mutation_rejection.svg,b37aa454bde5061c7142b43f80a1bd105f51d936d2ae6d02239f24e4156cbe06
results/real_program/figures/iso20022_validation_latency.png,7afaeba528d624ab69d035455b989f75373d383ebd4c7d1e07be65cf577503d6
results/real_program/figures/iso20022_validation_latency.svg,92e235e7a25db218d741681c26ba759749577ec89514f457b332c8d28736f878
results/real_program/figures/quantlib_oracle_error.png,9fb53261237ec1185821b4fbfa3a4d6c010c0dae0a5137b13fd050085e1f014e
results/real_program/figures/quantlib_oracle_error.svg,e2fefb9d632902a065ac000cbcde5819f491a92df10da1dca8413b03bd4b379b
results/real_program/figures/real_program_scale_duplicates.png,4a269e03d1db10e9d3c41ad825642c451300e5d0d05fc4ee913eea53cce8ad11
results/real_program/figures/real_program_scale_duplicates.svg,e5ec4ee62cc4e2b1c1416ac232854dd8353caf516bb82c88d0dc8c551a65afd7
results/real_program/figures/real_program_scale_worker_overlap.png,b1736f4e4c895120a284af61c18a492176a0c173229783986a9372abcd15125b
results/real_program/figures/real_program_scale_worker_overlap.svg,43d8ef3c5c5c5e7eca68986f3014a5649cfefadf765addca98c514bea8dbbd2a
results/real_program/figures/real_program_unique_rate.png,8aaa44b1249c7b5a73b9ac3c5b50869683eb3f72994dd54e666662899f8fd989
results/real_program/figures/real_program_unique_rate.svg,8ada4ed5caa8e2c8e2e7ed48f76d889506de6b3dc63433bfe3cbcc18457fd49f
results/real_program/figures/simplefix_coverage.png,22612e9e1cdd7435fbf7db561d2ddc2d2b4efeb72effb78294231a61f97791f4
results/real_program/figures/simplefix_coverage.svg,1a3db43a337370d43618f677d14213871eb5d780a7d60ff1ae4f9a3439f7c2a3
results/real_program/figures/simplefix_mutations.png,ebe5968fd1af5983438cf7f6bc0d071b95cf3abc26c998a1c0a1579295971942
results/real_program/figures/simplefix_mutations.svg,2736439e12c89e8406baf4c5bf7013a4007f8b6cc7383842f0f3d8e14f1f799c
results/real_program/failures/iso20022_failures.json,37517e5f3dc66819f61f5a7bb8ace1921282415f10551d2defa5c3eb0985b570
results/real_program/failures/quantlib_failures.json,37517e5f3dc66819f61f5a7bb8ace1921282415f10551d2defa5c3eb0985b570
results/real_program/failures/simplefix_failures.json,37517e5f3dc66819f61f5a7bb8ace1921282415f10551d2defa5c3eb0985b570
