rank,message,mutation,lxml_valid,xmlschema_valid,validators_agree
1890202,pain.001.001.13,missing_msg_id,False,False,True
1890202,pain.001.001.13,invalid_currency,False,False,True
1890202,pain.001.001.13,negative_amount,False,False,True
1890202,pain.001.001.13,duplicate_nb_of_txs,False,False,True
1890202,pain.001.001.13,wrong_namespace,False,False,True
203693,pain.001.001.13,missing_msg_id,False,False,True
203693,pain.001.001.13,invalid_currency,False,False,True
203693,pain.001.001.13,negative_amount,False,False,True
203693,pain.001.001.13,duplicate_nb_of_txs,False,False,True
203693,pain.001.001.13,wrong_namespace,False,False,True
1659937,pain.001.001.13,missing_msg_id,False,False,True
1659937,pain.001.001.13,invalid_currency,False,False,True
1659937,pain.001.001.13,negative_amount,False,False,True
1659937,pain.001.001.13,duplicate_nb_of_txs,False,False,True
1659937,pain.001.001.13,wrong_namespace,False,False,True
1768611,pain.001.001.13,missing_msg_id,False,False,True
1768611,pain.001.001.13,invalid_currency,False,False,True
1768611,pain.001.001.13,negative_amount,False,False,True
1768611,pain.001.001.13,duplicate_nb_of_txs,False,False,True
1768611,pain.001.001.13,wrong_namespace,False,False,True
2552319,pain.001.001.13,missing_msg_id,False,False,True
2552319,pain.001.001.13,invalid_currency,False,False,True
2552319,pain.001.001.13,negative_amount,False,False,True
2552319,pain.001.001.13,duplicate_nb_of_txs,False,False,True
2552319,pain.001.001.13,wrong_namespace,False,False,True
4070807,pacs.008.001.14,missing_msg_id,False,False,True
4070807,pacs.008.001.14,invalid_currency,False,False,True
4070807,pacs.008.001.14,negative_amount,False,False,True
4070807,pacs.008.001.14,duplicate_nb_of_txs,False,False,True
4070807,pacs.008.001.14,wrong_namespace,False,False,True
2144084,pain.001.001.13,missing_msg_id,False,False,True
2144084,pain.001.001.13,invalid_currency,False,False,True
2144084,pain.001.001.13,negative_amount,False,False,True
2144084,pain.001.001.13,duplicate_nb_of_txs,False,False,True
2144084,pain.001.001.13,wrong_namespace,False,False,True
2475577,pain.001.001.13,missing_msg_id,False,False,True
2475577,pain.001.001.13,invalid_currency,False,False,True
2475577,pain.001.001.13,negative_amount,False,False,True
2475577,pain.001.001.13,duplicate_nb_of_txs,False,False,True
2475577,pain.001.001.13,wrong_namespace,False,False,True
882326,pain.001.001.13,missing_msg_id,False,False,True
882326,pain.001.001.13,invalid_currency,False,False,True
882326,pain.001.001.13,negative_amount,False,False,True
882326,pain.001.001.13,duplicate_nb_of_txs,False,False,True
882326,pain.001.001.13,wrong_namespace,False,False,True
2590404,pain.001.001.13,missing_msg_id,False,False,True
2590404,pain.001.001.13,invalid_currency,False,False,True
2590404,pain.001.001.13,negative_amount,False,False,True
2590404,pain.001.001.13,duplicate_nb_of_txs,False,False,True
2590404,pain.001.001.13,wrong_namespace,False,False,True
1598021,pain.001.001.13,missing_msg_id,False,False,True
1598021,pain.001.001.13,invalid_currency,False,False,True
1598021,pain.001.001.13,negative_amount,False,False,True
1598021,pain.001.001.13,duplicate_nb_of_txs,False,False,True
1598021,pain.001.001.13,wrong_namespace,False,False,True
2895481,pain.001.001.13,missing_msg_id,False,False,True
2895481,pain.001.001.13,invalid_currency,False,False,True
2895481,pain.001.001.13,negative_amount,False,False,True
2895481,pain.001.001.13,duplicate_nb_of_txs,False,False,True
2895481,pain.001.001.13,wrong_namespace,False,False,True
845679,pain.001.001.13,missing_msg_id,False,False,True
845679,pain.001.001.13,invalid_currency,False,False,True
845679,pain.001.001.13,negative_amount,False,False,True
845679,pain.001.001.13,duplicate_nb_of_txs,False,False,True
845679,pain.001.001.13,wrong_namespace,False,False,True
1810475,pain.001.001.13,missing_msg_id,False,False,True
1810475,pain.001.001.13,invalid_currency,False,False,True
1810475,pain.001.001.13,negative_amount,False,False,True
1810475,pain.001.001.13,duplicate_nb_of_txs,False,False,True
1810475,pain.001.001.13,wrong_namespace,False,False,True
4217278,pacs.008.001.14,missing_msg_id,False,False,True
4217278,pacs.008.001.14,invalid_currency,False,False,True
4217278,pacs.008.001.14,negative_amount,False,False,True
4217278,pacs.008.001.14,duplicate_nb_of_txs,False,False,True
4217278,pacs.008.001.14,wrong_namespace,False,False,True
3416328,pain.001.001.13,missing_msg_id,False,False,True
3416328,pain.001.001.13,invalid_currency,False,False,True
3416328,pain.001.001.13,negative_amount,False,False,True
3416328,pain.001.001.13,duplicate_nb_of_txs,False,False,True
3416328,pain.001.001.13,wrong_namespace,False,False,True
369661,pain.001.001.13,missing_msg_id,False,False,True
369661,pain.001.001.13,invalid_currency,False,False,True
369661,pain.001.001.13,negative_amount,False,False,True
369661,pain.001.001.13,duplicate_nb_of_txs,False,False,True
369661,pain.001.001.13,wrong_namespace,False,False,True
1512136,pain.001.001.13,missing_msg_id,False,False,True
1512136,pain.001.001.13,invalid_currency,False,False,True
1512136,pain.001.001.13,negative_amount,False,False,True
1512136,pain.001.001.13,duplicate_nb_of_txs,False,False,True
1512136,pain.001.001.13,wrong_namespace,False,False,True
4059635,pacs.008.001.14,missing_msg_id,False,False,True
4059635,pacs.008.001.14,invalid_currency,False,False,True
4059635,pacs.008.001.14,negative_amount,False,False,True
4059635,pacs.008.001.14,duplicate_nb_of_txs,False,False,True
4059635,pacs.008.001.14,wrong_namespace,False,False,True
3247260,pain.001.001.13,missing_msg_id,False,False,True
3247260,pain.001.001.13,invalid_currency,False,False,True
3247260,pain.001.001.13,negative_amount,False,False,True
3247260,pain.001.001.13,duplicate_nb_of_txs,False,False,True
3247260,pain.001.001.13,wrong_namespace,False,False,True
809741,pain.001.001.13,missing_msg_id,False,False,True
809741,pain.001.001.13,invalid_currency,False,False,True
809741,pain.001.001.13,negative_amount,False,False,True
809741,pain.001.001.13,duplicate_nb_of_txs,False,False,True
809741,pain.001.001.13,wrong_namespace,False,False,True
3739306,pain.001.001.13,missing_msg_id,False,False,True
3739306,pain.001.001.13,invalid_currency,False,False,True
3739306,pain.001.001.13,negative_amount,False,False,True
3739306,pain.001.001.13,duplicate_nb_of_txs,False,False,True
3739306,pain.001.001.13,wrong_namespace,False,False,True
2032106,pain.001.001.13,missing_msg_id,False,False,True
2032106,pain.001.001.13,invalid_currency,False,False,True
2032106,pain.001.001.13,negative_amount,False,False,True
2032106,pain.001.001.13,duplicate_nb_of_txs,False,False,True
2032106,pain.001.001.13,wrong_namespace,False,False,True
1256845,pain.001.001.13,missing_msg_id,False,False,True
1256845,pain.001.001.13,invalid_currency,False,False,True
1256845,pain.001.001.13,negative_amount,False,False,True
1256845,pain.001.001.13,duplicate_nb_of_txs,False,False,True
1256845,pain.001.001.13,wrong_namespace,False,False,True
2112805,pain.001.001.13,missing_msg_id,False,False,True
2112805,pain.001.001.13,invalid_currency,False,False,True
2112805,pain.001.001.13,negative_amount,False,False,True
2112805,pain.001.001.13,duplicate_nb_of_txs,False,False,True
2112805,pain.001.001.13,wrong_namespace,False,False,True
407942,pain.001.001.13,missing_msg_id,False,False,True
407942,pain.001.001.13,invalid_currency,False,False,True
407942,pain.001.001.13,negative_amount,False,False,True
407942,pain.001.001.13,duplicate_nb_of_txs,False,False,True
407942,pain.001.001.13,wrong_namespace,False,False,True
2908628,pain.001.001.13,missing_msg_id,False,False,True
2908628,pain.001.001.13,invalid_currency,False,False,True
2908628,pain.001.001.13,negative_amount,False,False,True
2908628,pain.001.001.13,duplicate_nb_of_txs,False,False,True
2908628,pain.001.001.13,wrong_namespace,False,False,True
1143147,pain.001.001.13,missing_msg_id,False,False,True
1143147,pain.001.001.13,invalid_currency,False,False,True
1143147,pain.001.001.13,negative_amount,False,False,True
1143147,pain.001.001.13,duplicate_nb_of_txs,False,False,True
1143147,pain.001.001.13,wrong_namespace,False,False,True
1202136,pain.001.001.13,missing_msg_id,False,False,True
1202136,pain.001.001.13,invalid_currency,False,False,True
1202136,pain.001.001.13,negative_amount,False,False,True
1202136,pain.001.001.13,duplicate_nb_of_txs,False,False,True
1202136,pain.001.001.13,wrong_namespace,False,False,True
2022207,pain.001.001.13,missing_msg_id,False,False,True
2022207,pain.001.001.13,invalid_currency,False,False,True
2022207,pain.001.001.13,negative_amount,False,False,True
2022207,pain.001.001.13,duplicate_nb_of_txs,False,False,True
2022207,pain.001.001.13,wrong_namespace,False,False,True
3851083,pacs.008.001.14,missing_msg_id,False,False,True
3851083,pacs.008.001.14,invalid_currency,False,False,True
3851083,pacs.008.001.14,negative_amount,False,False,True
3851083,pacs.008.001.14,duplicate_nb_of_txs,False,False,True
3851083,pacs.008.001.14,wrong_namespace,False,False,True
305290,pain.001.001.13,missing_msg_id,False,False,True
305290,pain.001.001.13,invalid_currency,False,False,True
305290,pain.001.001.13,negative_amount,False,False,True
305290,pain.001.001.13,duplicate_nb_of_txs,False,False,True
305290,pain.001.001.13,wrong_namespace,False,False,True
3587072,pain.001.001.13,missing_msg_id,False,False,True
3587072,pain.001.001.13,invalid_currency,False,False,True
3587072,pain.001.001.13,negative_amount,False,False,True
3587072,pain.001.001.13,duplicate_nb_of_txs,False,False,True
3587072,pain.001.001.13,wrong_namespace,False,False,True
2460900,pain.001.001.13,missing_msg_id,False,False,True
2460900,pain.001.001.13,invalid_currency,False,False,True
2460900,pain.001.001.13,negative_amount,False,False,True
2460900,pain.001.001.13,duplicate_nb_of_txs,False,False,True
2460900,pain.001.001.13,wrong_namespace,False,False,True
2641575,pain.001.001.13,missing_msg_id,False,False,True
2641575,pain.001.001.13,invalid_currency,False,False,True
2641575,pain.001.001.13,negative_amount,False,False,True
2641575,pain.001.001.13,duplicate_nb_of_txs,False,False,True
2641575,pain.001.001.13,wrong_namespace,False,False,True
1205568,pain.001.001.13,missing_msg_id,False,False,True
1205568,pain.001.001.13,invalid_currency,False,False,True
1205568,pain.001.001.13,negative_amount,False,False,True
1205568,pain.001.001.13,duplicate_nb_of_txs,False,False,True
1205568,pain.001.001.13,wrong_namespace,False,False,True
580457,pain.001.001.13,missing_msg_id,False,False,True
580457,pain.001.001.13,invalid_currency,False,False,True
580457,pain.001.001.13,negative_amount,False,False,True
580457,pain.001.001.13,duplicate_nb_of_txs,False,False,True
580457,pain.001.001.13,wrong_namespace,False,False,True
2036016,pain.001.001.13,missing_msg_id,False,False,True
2036016,pain.001.001.13,invalid_currency,False,False,True
2036016,pain.001.001.13,negative_amount,False,False,True
2036016,pain.001.001.13,duplicate_nb_of_txs,False,False,True
2036016,pain.001.001.13,wrong_namespace,False,False,True
678385,pain.001.001.13,missing_msg_id,False,False,True
678385,pain.001.001.13,invalid_currency,False,False,True
678385,pain.001.001.13,negative_amount,False,False,True
678385,pain.001.001.13,duplicate_nb_of_txs,False,False,True
678385,pain.001.001.13,wrong_namespace,False,False,True
2919152,pain.001.001.13,missing_msg_id,False,False,True
2919152,pain.001.001.13,invalid_currency,False,False,True
2919152,pain.001.001.13,negative_amount,False,False,True
2919152,pain.001.001.13,duplicate_nb_of_txs,False,False,True
2919152,pain.001.001.13,wrong_namespace,False,False,True
1259491,pain.001.001.13,missing_msg_id,False,False,True
1259491,pain.001.001.13,invalid_currency,False,False,True
1259491,pain.001.001.13,negative_amount,False,False,True
1259491,pain.001.001.13,duplicate_nb_of_txs,False,False,True
1259491,pain.001.001.13,wrong_namespace,False,False,True
994372,pain.001.001.13,missing_msg_id,False,False,True
994372,pain.001.001.13,invalid_currency,False,False,True
994372,pain.001.001.13,negative_amount,False,False,True
994372,pain.001.001.13,duplicate_nb_of_txs,False,False,True
994372,pain.001.001.13,wrong_namespace,False,False,True
2874473,pain.001.001.13,missing_msg_id,False,False,True
2874473,pain.001.001.13,invalid_currency,False,False,True
2874473,pain.001.001.13,negative_amount,False,False,True
2874473,pain.001.001.13,duplicate_nb_of_txs,False,False,True
2874473,pain.001.001.13,wrong_namespace,False,False,True
1196964,pain.001.001.13,missing_msg_id,False,False,True
1196964,pain.001.001.13,invalid_currency,False,False,True
1196964,pain.001.001.13,negative_amount,False,False,True
1196964,pain.001.001.13,duplicate_nb_of_txs,False,False,True
1196964,pain.001.001.13,wrong_namespace,False,False,True
921184,pain.001.001.13,missing_msg_id,False,False,True
921184,pain.001.001.13,invalid_currency,False,False,True
921184,pain.001.001.13,negative_amount,False,False,True
921184,pain.001.001.13,duplicate_nb_of_txs,False,False,True
921184,pain.001.001.13,wrong_namespace,False,False,True
1873274,pain.001.001.13,missing_msg_id,False,False,True
1873274,pain.001.001.13,invalid_currency,False,False,True
1873274,pain.001.001.13,negative_amount,False,False,True
1873274,pain.001.001.13,duplicate_nb_of_txs,False,False,True
1873274,pain.001.001.13,wrong_namespace,False,False,True
3321218,pain.001.001.13,missing_msg_id,False,False,True
3321218,pain.001.001.13,invalid_currency,False,False,True
3321218,pain.001.001.13,negative_amount,False,False,True
3321218,pain.001.001.13,duplicate_nb_of_txs,False,False,True
3321218,pain.001.001.13,wrong_namespace,False,False,True
2405813,pain.001.001.13,missing_msg_id,False,False,True
2405813,pain.001.001.13,invalid_currency,False,False,True
2405813,pain.001.001.13,negative_amount,False,False,True
2405813,pain.001.001.13,duplicate_nb_of_txs,False,False,True
2405813,pain.001.001.13,wrong_namespace,False,False,True
3622599,pain.001.001.13,missing_msg_id,False,False,True
3622599,pain.001.001.13,invalid_currency,False,False,True
3622599,pain.001.001.13,negative_amount,False,False,True
3622599,pain.001.001.13,duplicate_nb_of_txs,False,False,True
3622599,pain.001.001.13,wrong_namespace,False,False,True
3314734,pain.001.001.13,missing_msg_id,False,False,True
3314734,pain.001.001.13,invalid_currency,False,False,True
3314734,pain.001.001.13,negative_amount,False,False,True
3314734,pain.001.001.13,duplicate_nb_of_txs,False,False,True
3314734,pain.001.001.13,wrong_namespace,False,False,True
2219378,pain.001.001.13,missing_msg_id,False,False,True
2219378,pain.001.001.13,invalid_currency,False,False,True
2219378,pain.001.001.13,negative_amount,False,False,True
2219378,pain.001.001.13,duplicate_nb_of_txs,False,False,True
2219378,pain.001.001.13,wrong_namespace,False,False,True
1785290,pain.001.001.13,missing_msg_id,False,False,True
1785290,pain.001.001.13,invalid_currency,False,False,True
1785290,pain.001.001.13,negative_amount,False,False,True
1785290,pain.001.001.13,duplicate_nb_of_txs,False,False,True
1785290,pain.001.001.13,wrong_namespace,False,False,True
4057310,pacs.008.001.14,missing_msg_id,False,False,True
4057310,pacs.008.001.14,invalid_currency,False,False,True
4057310,pacs.008.001.14,negative_amount,False,False,True
4057310,pacs.008.001.14,duplicate_nb_of_txs,False,False,True
4057310,pacs.008.001.14,wrong_namespace,False,False,True
2552170,pain.001.001.13,missing_msg_id,False,False,True
2552170,pain.001.001.13,invalid_currency,False,False,True
2552170,pain.001.001.13,negative_amount,False,False,True
2552170,pain.001.001.13,duplicate_nb_of_txs,False,False,True
2552170,pain.001.001.13,wrong_namespace,False,False,True
3484846,pain.001.001.13,missing_msg_id,False,False,True
3484846,pain.001.001.13,invalid_currency,False,False,True
3484846,pain.001.001.13,negative_amount,False,False,True
3484846,pain.001.001.13,duplicate_nb_of_txs,False,False,True
3484846,pain.001.001.13,wrong_namespace,False,False,True
496797,pain.001.001.13,missing_msg_id,False,False,True
496797,pain.001.001.13,invalid_currency,False,False,True
496797,pain.001.001.13,negative_amount,False,False,True
496797,pain.001.001.13,duplicate_nb_of_txs,False,False,True
496797,pain.001.001.13,wrong_namespace,False,False,True
2858330,pain.001.001.13,missing_msg_id,False,False,True
2858330,pain.001.001.13,invalid_currency,False,False,True
2858330,pain.001.001.13,negative_amount,False,False,True
2858330,pain.001.001.13,duplicate_nb_of_txs,False,False,True
2858330,pain.001.001.13,wrong_namespace,False,False,True
2876668,pain.001.001.13,missing_msg_id,False,False,True
2876668,pain.001.001.13,invalid_currency,False,False,True
2876668,pain.001.001.13,negative_amount,False,False,True
2876668,pain.001.001.13,duplicate_nb_of_txs,False,False,True
2876668,pain.001.001.13,wrong_namespace,False,False,True
4268612,pacs.008.001.14,missing_msg_id,False,False,True
4268612,pacs.008.001.14,invalid_currency,False,False,True
4268612,pacs.008.001.14,negative_amount,False,False,True
4268612,pacs.008.001.14,duplicate_nb_of_txs,False,False,True
4268612,pacs.008.001.14,wrong_namespace,False,False,True
1159590,pain.001.001.13,missing_msg_id,False,False,True
1159590,pain.001.001.13,invalid_currency,False,False,True
1159590,pain.001.001.13,negative_amount,False,False,True
1159590,pain.001.001.13,duplicate_nb_of_txs,False,False,True
1159590,pain.001.001.13,wrong_namespace,False,False,True
685472,pain.001.001.13,missing_msg_id,False,False,True
685472,pain.001.001.13,invalid_currency,False,False,True
685472,pain.001.001.13,negative_amount,False,False,True
685472,pain.001.001.13,duplicate_nb_of_txs,False,False,True
685472,pain.001.001.13,wrong_namespace,False,False,True
567183,pain.001.001.13,missing_msg_id,False,False,True
567183,pain.001.001.13,invalid_currency,False,False,True
567183,pain.001.001.13,negative_amount,False,False,True
567183,pain.001.001.13,duplicate_nb_of_txs,False,False,True
567183,pain.001.001.13,wrong_namespace,False,False,True
4224426,pacs.008.001.14,missing_msg_id,False,False,True
4224426,pacs.008.001.14,invalid_currency,False,False,True
4224426,pacs.008.001.14,negative_amount,False,False,True
4224426,pacs.008.001.14,duplicate_nb_of_txs,False,False,True
4224426,pacs.008.001.14,wrong_namespace,False,False,True
1995459,pain.001.001.13,missing_msg_id,False,False,True
1995459,pain.001.001.13,invalid_currency,False,False,True
1995459,pain.001.001.13,negative_amount,False,False,True
1995459,pain.001.001.13,duplicate_nb_of_txs,False,False,True
1995459,pain.001.001.13,wrong_namespace,False,False,True
2886539,pain.001.001.13,missing_msg_id,False,False,True
2886539,pain.001.001.13,invalid_currency,False,False,True
2886539,pain.001.001.13,negative_amount,False,False,True
2886539,pain.001.001.13,duplicate_nb_of_txs,False,False,True
2886539,pain.001.001.13,wrong_namespace,False,False,True
1415309,pain.001.001.13,missing_msg_id,False,False,True
1415309,pain.001.001.13,invalid_currency,False,False,True
1415309,pain.001.001.13,negative_amount,False,False,True
1415309,pain.001.001.13,duplicate_nb_of_txs,False,False,True
1415309,pain.001.001.13,wrong_namespace,False,False,True
4286709,pacs.008.001.14,missing_msg_id,False,False,True
4286709,pacs.008.001.14,invalid_currency,False,False,True
4286709,pacs.008.001.14,negative_amount,False,False,True
4286709,pacs.008.001.14,duplicate_nb_of_txs,False,False,True
4286709,pacs.008.001.14,wrong_namespace,False,False,True
4284624,pacs.008.001.14,missing_msg_id,False,False,True
4284624,pacs.008.001.14,invalid_currency,False,False,True
4284624,pacs.008.001.14,negative_amount,False,False,True
4284624,pacs.008.001.14,duplicate_nb_of_txs,False,False,True
4284624,pacs.008.001.14,wrong_namespace,False,False,True
3171078,pain.001.001.13,missing_msg_id,False,False,True
3171078,pain.001.001.13,invalid_currency,False,False,True
3171078,pain.001.001.13,negative_amount,False,False,True
3171078,pain.001.001.13,duplicate_nb_of_txs,False,False,True
3171078,pain.001.001.13,wrong_namespace,False,False,True
2247303,pain.001.001.13,missing_msg_id,False,False,True
2247303,pain.001.001.13,invalid_currency,False,False,True
2247303,pain.001.001.13,negative_amount,False,False,True
2247303,pain.001.001.13,duplicate_nb_of_txs,False,False,True
2247303,pain.001.001.13,wrong_namespace,False,False,True
2449689,pain.001.001.13,missing_msg_id,False,False,True
2449689,pain.001.001.13,invalid_currency,False,False,True
2449689,pain.001.001.13,negative_amount,False,False,True
2449689,pain.001.001.13,duplicate_nb_of_txs,False,False,True
2449689,pain.001.001.13,wrong_namespace,False,False,True
2591232,pain.001.001.13,missing_msg_id,False,False,True
2591232,pain.001.001.13,invalid_currency,False,False,True
2591232,pain.001.001.13,negative_amount,False,False,True
2591232,pain.001.001.13,duplicate_nb_of_txs,False,False,True
2591232,pain.001.001.13,wrong_namespace,False,False,True
2785508,pain.001.001.13,missing_msg_id,False,False,True
2785508,pain.001.001.13,invalid_currency,False,False,True
2785508,pain.001.001.13,negative_amount,False,False,True
2785508,pain.001.001.13,duplicate_nb_of_txs,False,False,True
2785508,pain.001.001.13,wrong_namespace,False,False,True
1141042,pain.001.001.13,missing_msg_id,False,False,True
1141042,pain.001.001.13,invalid_currency,False,False,True
1141042,pain.001.001.13,negative_amount,False,False,True
1141042,pain.001.001.13,duplicate_nb_of_txs,False,False,True
1141042,pain.001.001.13,wrong_namespace,False,False,True
333452,pain.001.001.13,missing_msg_id,False,False,True
333452,pain.001.001.13,invalid_currency,False,False,True
333452,pain.001.001.13,negative_amount,False,False,True
333452,pain.001.001.13,duplicate_nb_of_txs,False,False,True
333452,pain.001.001.13,wrong_namespace,False,False,True
3252512,pain.001.001.13,missing_msg_id,False,False,True
3252512,pain.001.001.13,invalid_currency,False,False,True
3252512,pain.001.001.13,negative_amount,False,False,True
3252512,pain.001.001.13,duplicate_nb_of_txs,False,False,True
3252512,pain.001.001.13,wrong_namespace,False,False,True
2219680,pain.001.001.13,missing_msg_id,False,False,True
2219680,pain.001.001.13,invalid_currency,False,False,True
2219680,pain.001.001.13,negative_amount,False,False,True
2219680,pain.001.001.13,duplicate_nb_of_txs,False,False,True
2219680,pain.001.001.13,wrong_namespace,False,False,True
250884,pain.001.001.13,missing_msg_id,False,False,True
250884,pain.001.001.13,invalid_currency,False,False,True
250884,pain.001.001.13,negative_amount,False,False,True
250884,pain.001.001.13,duplicate_nb_of_txs,False,False,True
250884,pain.001.001.13,wrong_namespace,False,False,True
604668,pain.001.001.13,missing_msg_id,False,False,True
604668,pain.001.001.13,invalid_currency,False,False,True
604668,pain.001.001.13,negative_amount,False,False,True
604668,pain.001.001.13,duplicate_nb_of_txs,False,False,True
604668,pain.001.001.13,wrong_namespace,False,False,True
1635873,pain.001.001.13,missing_msg_id,False,False,True
1635873,pain.001.001.13,invalid_currency,False,False,True
1635873,pain.001.001.13,negative_amount,False,False,True
1635873,pain.001.001.13,duplicate_nb_of_txs,False,False,True
1635873,pain.001.001.13,wrong_namespace,False,False,True
277657,pain.001.001.13,missing_msg_id,False,False,True
277657,pain.001.001.13,invalid_currency,False,False,True
277657,pain.001.001.13,negative_amount,False,False,True
277657,pain.001.001.13,duplicate_nb_of_txs,False,False,True
277657,pain.001.001.13,wrong_namespace,False,False,True
1218815,pain.001.001.13,missing_msg_id,False,False,True
1218815,pain.001.001.13,invalid_currency,False,False,True
1218815,pain.001.001.13,negative_amount,False,False,True
1218815,pain.001.001.13,duplicate_nb_of_txs,False,False,True
1218815,pain.001.001.13,wrong_namespace,False,False,True
3649592,pain.001.001.13,missing_msg_id,False,False,True
3649592,pain.001.001.13,invalid_currency,False,False,True
3649592,pain.001.001.13,negative_amount,False,False,True
3649592,pain.001.001.13,duplicate_nb_of_txs,False,False,True
3649592,pain.001.001.13,wrong_namespace,False,False,True
757497,pain.001.001.13,missing_msg_id,False,False,True
757497,pain.001.001.13,invalid_currency,False,False,True
757497,pain.001.001.13,negative_amount,False,False,True
757497,pain.001.001.13,duplicate_nb_of_txs,False,False,True
757497,pain.001.001.13,wrong_namespace,False,False,True
1267757,pain.001.001.13,missing_msg_id,False,False,True
1267757,pain.001.001.13,invalid_currency,False,False,True
1267757,pain.001.001.13,negative_amount,False,False,True
1267757,pain.001.001.13,duplicate_nb_of_txs,False,False,True
1267757,pain.001.001.13,wrong_namespace,False,False,True
3334409,pain.001.001.13,missing_msg_id,False,False,True
3334409,pain.001.001.13,invalid_currency,False,False,True
3334409,pain.001.001.13,negative_amount,False,False,True
3334409,pain.001.001.13,duplicate_nb_of_txs,False,False,True
3334409,pain.001.001.13,wrong_namespace,False,False,True
1770701,pain.001.001.13,missing_msg_id,False,False,True
1770701,pain.001.001.13,invalid_currency,False,False,True
1770701,pain.001.001.13,negative_amount,False,False,True
1770701,pain.001.001.13,duplicate_nb_of_txs,False,False,True
1770701,pain.001.001.13,wrong_namespace,False,False,True
486988,pain.001.001.13,missing_msg_id,False,False,True
486988,pain.001.001.13,invalid_currency,False,False,True
486988,pain.001.001.13,negative_amount,False,False,True
486988,pain.001.001.13,duplicate_nb_of_txs,False,False,True
486988,pain.001.001.13,wrong_namespace,False,False,True
3539437,pain.001.001.13,missing_msg_id,False,False,True
3539437,pain.001.001.13,invalid_currency,False,False,True
3539437,pain.001.001.13,negative_amount,False,False,True
3539437,pain.001.001.13,duplicate_nb_of_txs,False,False,True
3539437,pain.001.001.13,wrong_namespace,False,False,True
1129146,pain.001.001.13,missing_msg_id,False,False,True
1129146,pain.001.001.13,invalid_currency,False,False,True
1129146,pain.001.001.13,negative_amount,False,False,True
1129146,pain.001.001.13,duplicate_nb_of_txs,False,False,True
1129146,pain.001.001.13,wrong_namespace,False,False,True
4080372,pacs.008.001.14,missing_msg_id,False,False,True
4080372,pacs.008.001.14,invalid_currency,False,False,True
4080372,pacs.008.001.14,negative_amount,False,False,True
4080372,pacs.008.001.14,duplicate_nb_of_txs,False,False,True
4080372,pacs.008.001.14,wrong_namespace,False,False,True
4143364,pacs.008.001.14,missing_msg_id,False,False,True
4143364,pacs.008.001.14,invalid_currency,False,False,True
4143364,pacs.008.001.14,negative_amount,False,False,True
4143364,pacs.008.001.14,duplicate_nb_of_txs,False,False,True
4143364,pacs.008.001.14,wrong_namespace,False,False,True
3184636,pain.001.001.13,missing_msg_id,False,False,True
3184636,pain.001.001.13,invalid_currency,False,False,True
3184636,pain.001.001.13,negative_amount,False,False,True
3184636,pain.001.001.13,duplicate_nb_of_txs,False,False,True
3184636,pain.001.001.13,wrong_namespace,False,False,True
15568,pain.001.001.13,missing_msg_id,False,False,True
15568,pain.001.001.13,invalid_currency,False,False,True
15568,pain.001.001.13,negative_amount,False,False,True
15568,pain.001.001.13,duplicate_nb_of_txs,False,False,True
15568,pain.001.001.13,wrong_namespace,False,False,True
4013445,pacs.008.001.14,missing_msg_id,False,False,True
4013445,pacs.008.001.14,invalid_currency,False,False,True
4013445,pacs.008.001.14,negative_amount,False,False,True
4013445,pacs.008.001.14,duplicate_nb_of_txs,False,False,True
4013445,pacs.008.001.14,wrong_namespace,False,False,True
4061959,pacs.008.001.14,missing_msg_id,False,False,True
4061959,pacs.008.001.14,invalid_currency,False,False,True
4061959,pacs.008.001.14,negative_amount,False,False,True
4061959,pacs.008.001.14,duplicate_nb_of_txs,False,False,True
4061959,pacs.008.001.14,wrong_namespace,False,False,True
3755677,pain.001.001.13,missing_msg_id,False,False,True
3755677,pain.001.001.13,invalid_currency,False,False,True
3755677,pain.001.001.13,negative_amount,False,False,True
3755677,pain.001.001.13,duplicate_nb_of_txs,False,False,True
3755677,pain.001.001.13,wrong_namespace,False,False,True
2786931,pain.001.001.13,missing_msg_id,False,False,True
2786931,pain.001.001.13,invalid_currency,False,False,True
2786931,pain.001.001.13,negative_amount,False,False,True
2786931,pain.001.001.13,duplicate_nb_of_txs,False,False,True
2786931,pain.001.001.13,wrong_namespace,False,False,True
3500215,pain.001.001.13,missing_msg_id,False,False,True
3500215,pain.001.001.13,invalid_currency,False,False,True
3500215,pain.001.001.13,negative_amount,False,False,True
3500215,pain.001.001.13,duplicate_nb_of_txs,False,False,True
3500215,pain.001.001.13,wrong_namespace,False,False,True
666663,pain.001.001.13,missing_msg_id,False,False,True
666663,pain.001.001.13,invalid_currency,False,False,True
666663,pain.001.001.13,negative_amount,False,False,True
666663,pain.001.001.13,duplicate_nb_of_txs,False,False,True
666663,pain.001.001.13,wrong_namespace,False,False,True
616779,pain.001.001.13,missing_msg_id,False,False,True
616779,pain.001.001.13,invalid_currency,False,False,True
616779,pain.001.001.13,negative_amount,False,False,True
616779,pain.001.001.13,duplicate_nb_of_txs,False,False,True
616779,pain.001.001.13,wrong_namespace,False,False,True
1418029,pain.001.001.13,missing_msg_id,False,False,True
1418029,pain.001.001.13,invalid_currency,False,False,True
1418029,pain.001.001.13,negative_amount,False,False,True
1418029,pain.001.001.13,duplicate_nb_of_txs,False,False,True
1418029,pain.001.001.13,wrong_namespace,False,False,True
2456191,pain.001.001.13,missing_msg_id,False,False,True
2456191,pain.001.001.13,invalid_currency,False,False,True
2456191,pain.001.001.13,negative_amount,False,False,True
2456191,pain.001.001.13,duplicate_nb_of_txs,False,False,True
2456191,pain.001.001.13,wrong_namespace,False,False,True
2963238,pain.001.001.13,missing_msg_id,False,False,True
2963238,pain.001.001.13,invalid_currency,False,False,True
2963238,pain.001.001.13,negative_amount,False,False,True
2963238,pain.001.001.13,duplicate_nb_of_txs,False,False,True
2963238,pain.001.001.13,wrong_namespace,False,False,True
1805776,pain.001.001.13,missing_msg_id,False,False,True
1805776,pain.001.001.13,invalid_currency,False,False,True
1805776,pain.001.001.13,negative_amount,False,False,True
1805776,pain.001.001.13,duplicate_nb_of_txs,False,False,True
1805776,pain.001.001.13,wrong_namespace,False,False,True
2820838,pain.001.001.13,missing_msg_id,False,False,True
2820838,pain.001.001.13,invalid_currency,False,False,True
2820838,pain.001.001.13,negative_amount,False,False,True
2820838,pain.001.001.13,duplicate_nb_of_txs,False,False,True
2820838,pain.001.001.13,wrong_namespace,False,False,True
2713543,pain.001.001.13,missing_msg_id,False,False,True
2713543,pain.001.001.13,invalid_currency,False,False,True
2713543,pain.001.001.13,negative_amount,False,False,True
2713543,pain.001.001.13,duplicate_nb_of_txs,False,False,True
2713543,pain.001.001.13,wrong_namespace,False,False,True
2288823,pain.001.001.13,missing_msg_id,False,False,True
2288823,pain.001.001.13,invalid_currency,False,False,True
2288823,pain.001.001.13,negative_amount,False,False,True
2288823,pain.001.001.13,duplicate_nb_of_txs,False,False,True
2288823,pain.001.001.13,wrong_namespace,False,False,True
4162022,pacs.008.001.14,missing_msg_id,False,False,True
4162022,pacs.008.001.14,invalid_currency,False,False,True
4162022,pacs.008.001.14,negative_amount,False,False,True
4162022,pacs.008.001.14,duplicate_nb_of_txs,False,False,True
4162022,pacs.008.001.14,wrong_namespace,False,False,True
910816,pain.001.001.13,missing_msg_id,False,False,True
910816,pain.001.001.13,invalid_currency,False,False,True
910816,pain.001.001.13,negative_amount,False,False,True
910816,pain.001.001.13,duplicate_nb_of_txs,False,False,True
910816,pain.001.001.13,wrong_namespace,False,False,True
3869904,pacs.008.001.14,missing_msg_id,False,False,True
3869904,pacs.008.001.14,invalid_currency,False,False,True
3869904,pacs.008.001.14,negative_amount,False,False,True
3869904,pacs.008.001.14,duplicate_nb_of_txs,False,False,True
3869904,pacs.008.001.14,wrong_namespace,False,False,True
121688,pain.001.001.13,missing_msg_id,False,False,True
121688,pain.001.001.13,invalid_currency,False,False,True
121688,pain.001.001.13,negative_amount,False,False,True
121688,pain.001.001.13,duplicate_nb_of_txs,False,False,True
121688,pain.001.001.13,wrong_namespace,False,False,True
1249438,pain.001.001.13,missing_msg_id,False,False,True
1249438,pain.001.001.13,invalid_currency,False,False,True
1249438,pain.001.001.13,negative_amount,False,False,True
1249438,pain.001.001.13,duplicate_nb_of_txs,False,False,True
1249438,pain.001.001.13,wrong_namespace,False,False,True
985620,pain.001.001.13,missing_msg_id,False,False,True
985620,pain.001.001.13,invalid_currency,False,False,True
985620,pain.001.001.13,negative_amount,False,False,True
985620,pain.001.001.13,duplicate_nb_of_txs,False,False,True
985620,pain.001.001.13,wrong_namespace,False,False,True
2704151,pain.001.001.13,missing_msg_id,False,False,True
2704151,pain.001.001.13,invalid_currency,False,False,True
2704151,pain.001.001.13,negative_amount,False,False,True
2704151,pain.001.001.13,duplicate_nb_of_txs,False,False,True
2704151,pain.001.001.13,wrong_namespace,False,False,True
1999688,pain.001.001.13,missing_msg_id,False,False,True
1999688,pain.001.001.13,invalid_currency,False,False,True
1999688,pain.001.001.13,negative_amount,False,False,True
1999688,pain.001.001.13,duplicate_nb_of_txs,False,False,True
1999688,pain.001.001.13,wrong_namespace,False,False,True
1679936,pain.001.001.13,missing_msg_id,False,False,True
1679936,pain.001.001.13,invalid_currency,False,False,True
1679936,pain.001.001.13,negative_amount,False,False,True
1679936,pain.001.001.13,duplicate_nb_of_txs,False,False,True
1679936,pain.001.001.13,wrong_namespace,False,False,True
4186493,pacs.008.001.14,missing_msg_id,False,False,True
4186493,pacs.008.001.14,invalid_currency,False,False,True
4186493,pacs.008.001.14,negative_amount,False,False,True
4186493,pacs.008.001.14,duplicate_nb_of_txs,False,False,True
4186493,pacs.008.001.14,wrong_namespace,False,False,True
2974094,pain.001.001.13,missing_msg_id,False,False,True
2974094,pain.001.001.13,invalid_currency,False,False,True
2974094,pain.001.001.13,negative_amount,False,False,True
2974094,pain.001.001.13,duplicate_nb_of_txs,False,False,True
2974094,pain.001.001.13,wrong_namespace,False,False,True
3723798,pain.001.001.13,missing_msg_id,False,False,True
3723798,pain.001.001.13,invalid_currency,False,False,True
3723798,pain.001.001.13,negative_amount,False,False,True
3723798,pain.001.001.13,duplicate_nb_of_txs,False,False,True
3723798,pain.001.001.13,wrong_namespace,False,False,True
2065916,pain.001.001.13,missing_msg_id,False,False,True
2065916,pain.001.001.13,invalid_currency,False,False,True
2065916,pain.001.001.13,negative_amount,False,False,True
2065916,pain.001.001.13,duplicate_nb_of_txs,False,False,True
2065916,pain.001.001.13,wrong_namespace,False,False,True
2694871,pain.001.001.13,missing_msg_id,False,False,True
2694871,pain.001.001.13,invalid_currency,False,False,True
2694871,pain.001.001.13,negative_amount,False,False,True
2694871,pain.001.001.13,duplicate_nb_of_txs,False,False,True
2694871,pain.001.001.13,wrong_namespace,False,False,True
2076688,pain.001.001.13,missing_msg_id,False,False,True
2076688,pain.001.001.13,invalid_currency,False,False,True
2076688,pain.001.001.13,negative_amount,False,False,True
2076688,pain.001.001.13,duplicate_nb_of_txs,False,False,True
2076688,pain.001.001.13,wrong_namespace,False,False,True
1552467,pain.001.001.13,missing_msg_id,False,False,True
1552467,pain.001.001.13,invalid_currency,False,False,True
1552467,pain.001.001.13,negative_amount,False,False,True
1552467,pain.001.001.13,duplicate_nb_of_txs,False,False,True
1552467,pain.001.001.13,wrong_namespace,False,False,True
1275505,pain.001.001.13,missing_msg_id,False,False,True
1275505,pain.001.001.13,invalid_currency,False,False,True
1275505,pain.001.001.13,negative_amount,False,False,True
1275505,pain.001.001.13,duplicate_nb_of_txs,False,False,True
1275505,pain.001.001.13,wrong_namespace,False,False,True
1748634,pain.001.001.13,missing_msg_id,False,False,True
1748634,pain.001.001.13,invalid_currency,False,False,True
1748634,pain.001.001.13,negative_amount,False,False,True
1748634,pain.001.001.13,duplicate_nb_of_txs,False,False,True
1748634,pain.001.001.13,wrong_namespace,False,False,True
3481449,pain.001.001.13,missing_msg_id,False,False,True
3481449,pain.001.001.13,invalid_currency,False,False,True
3481449,pain.001.001.13,negative_amount,False,False,True
3481449,pain.001.001.13,duplicate_nb_of_txs,False,False,True
3481449,pain.001.001.13,wrong_namespace,False,False,True
1747634,pain.001.001.13,missing_msg_id,False,False,True
1747634,pain.001.001.13,invalid_currency,False,False,True
1747634,pain.001.001.13,negative_amount,False,False,True
1747634,pain.001.001.13,duplicate_nb_of_txs,False,False,True
1747634,pain.001.001.13,wrong_namespace,False,False,True
2766042,pain.001.001.13,missing_msg_id,False,False,True
2766042,pain.001.001.13,invalid_currency,False,False,True
2766042,pain.001.001.13,negative_amount,False,False,True
2766042,pain.001.001.13,duplicate_nb_of_txs,False,False,True
2766042,pain.001.001.13,wrong_namespace,False,False,True
4281833,pacs.008.001.14,missing_msg_id,False,False,True
4281833,pacs.008.001.14,invalid_currency,False,False,True
4281833,pacs.008.001.14,negative_amount,False,False,True
4281833,pacs.008.001.14,duplicate_nb_of_txs,False,False,True
4281833,pacs.008.001.14,wrong_namespace,False,False,True
648521,pain.001.001.13,missing_msg_id,False,False,True
648521,pain.001.001.13,invalid_currency,False,False,True
648521,pain.001.001.13,negative_amount,False,False,True
648521,pain.001.001.13,duplicate_nb_of_txs,False,False,True
648521,pain.001.001.13,wrong_namespace,False,False,True
2350733,pain.001.001.13,missing_msg_id,False,False,True
2350733,pain.001.001.13,invalid_currency,False,False,True
2350733,pain.001.001.13,negative_amount,False,False,True
2350733,pain.001.001.13,duplicate_nb_of_txs,False,False,True
2350733,pain.001.001.13,wrong_namespace,False,False,True
250847,pain.001.001.13,missing_msg_id,False,False,True
250847,pain.001.001.13,invalid_currency,False,False,True
250847,pain.001.001.13,negative_amount,False,False,True
250847,pain.001.001.13,duplicate_nb_of_txs,False,False,True
250847,pain.001.001.13,wrong_namespace,False,False,True
3745301,pain.001.001.13,missing_msg_id,False,False,True
3745301,pain.001.001.13,invalid_currency,False,False,True
3745301,pain.001.001.13,negative_amount,False,False,True
3745301,pain.001.001.13,duplicate_nb_of_txs,False,False,True
3745301,pain.001.001.13,wrong_namespace,False,False,True
1769306,pain.001.001.13,missing_msg_id,False,False,True
1769306,pain.001.001.13,invalid_currency,False,False,True
1769306,pain.001.001.13,negative_amount,False,False,True
1769306,pain.001.001.13,duplicate_nb_of_txs,False,False,True
1769306,pain.001.001.13,wrong_namespace,False,False,True
1211982,pain.001.001.13,missing_msg_id,False,False,True
1211982,pain.001.001.13,invalid_currency,False,False,True
1211982,pain.001.001.13,negative_amount,False,False,True
1211982,pain.001.001.13,duplicate_nb_of_txs,False,False,True
1211982,pain.001.001.13,wrong_namespace,False,False,True
2842806,pain.001.001.13,missing_msg_id,False,False,True
2842806,pain.001.001.13,invalid_currency,False,False,True
2842806,pain.001.001.13,negative_amount,False,False,True
2842806,pain.001.001.13,duplicate_nb_of_txs,False,False,True
2842806,pain.001.001.13,wrong_namespace,False,False,True
2140054,pain.001.001.13,missing_msg_id,False,False,True
2140054,pain.001.001.13,invalid_currency,False,False,True
2140054,pain.001.001.13,negative_amount,False,False,True
2140054,pain.001.001.13,duplicate_nb_of_txs,False,False,True
2140054,pain.001.001.13,wrong_namespace,False,False,True
2921126,pain.001.001.13,missing_msg_id,False,False,True
2921126,pain.001.001.13,invalid_currency,False,False,True
2921126,pain.001.001.13,negative_amount,False,False,True
2921126,pain.001.001.13,duplicate_nb_of_txs,False,False,True
2921126,pain.001.001.13,wrong_namespace,False,False,True
214757,pain.001.001.13,missing_msg_id,False,False,True
214757,pain.001.001.13,invalid_currency,False,False,True
214757,pain.001.001.13,negative_amount,False,False,True
214757,pain.001.001.13,duplicate_nb_of_txs,False,False,True
214757,pain.001.001.13,wrong_namespace,False,False,True
4217034,pacs.008.001.14,missing_msg_id,False,False,True
4217034,pacs.008.001.14,invalid_currency,False,False,True
4217034,pacs.008.001.14,negative_amount,False,False,True
4217034,pacs.008.001.14,duplicate_nb_of_txs,False,False,True
4217034,pacs.008.001.14,wrong_namespace,False,False,True
2622316,pain.001.001.13,missing_msg_id,False,False,True
2622316,pain.001.001.13,invalid_currency,False,False,True
2622316,pain.001.001.13,negative_amount,False,False,True
2622316,pain.001.001.13,duplicate_nb_of_txs,False,False,True
2622316,pain.001.001.13,wrong_namespace,False,False,True
4304231,pacs.008.001.14,missing_msg_id,False,False,True
4304231,pacs.008.001.14,invalid_currency,False,False,True
4304231,pacs.008.001.14,negative_amount,False,False,True
4304231,pacs.008.001.14,duplicate_nb_of_txs,False,False,True
4304231,pacs.008.001.14,wrong_namespace,False,False,True
3359996,pain.001.001.13,missing_msg_id,False,False,True
3359996,pain.001.001.13,invalid_currency,False,False,True
3359996,pain.001.001.13,negative_amount,False,False,True
3359996,pain.001.001.13,duplicate_nb_of_txs,False,False,True
3359996,pain.001.001.13,wrong_namespace,False,False,True
2692347,pain.001.001.13,missing_msg_id,False,False,True
2692347,pain.001.001.13,invalid_currency,False,False,True
2692347,pain.001.001.13,negative_amount,False,False,True
2692347,pain.001.001.13,duplicate_nb_of_txs,False,False,True
2692347,pain.001.001.13,wrong_namespace,False,False,True
3721439,pain.001.001.13,missing_msg_id,False,False,True
3721439,pain.001.001.13,invalid_currency,False,False,True
3721439,pain.001.001.13,negative_amount,False,False,True
3721439,pain.001.001.13,duplicate_nb_of_txs,False,False,True
3721439,pain.001.001.13,wrong_namespace,False,False,True
1912867,pain.001.001.13,missing_msg_id,False,False,True
1912867,pain.001.001.13,invalid_currency,False,False,True
1912867,pain.001.001.13,negative_amount,False,False,True
1912867,pain.001.001.13,duplicate_nb_of_txs,False,False,True
1912867,pain.001.001.13,wrong_namespace,False,False,True
1227910,pain.001.001.13,missing_msg_id,False,False,True
1227910,pain.001.001.13,invalid_currency,False,False,True
1227910,pain.001.001.13,negative_amount,False,False,True
1227910,pain.001.001.13,duplicate_nb_of_txs,False,False,True
1227910,pain.001.001.13,wrong_namespace,False,False,True
4247522,pacs.008.001.14,missing_msg_id,False,False,True
4247522,pacs.008.001.14,invalid_currency,False,False,True
4247522,pacs.008.001.14,negative_amount,False,False,True
4247522,pacs.008.001.14,duplicate_nb_of_txs,False,False,True
4247522,pacs.008.001.14,wrong_namespace,False,False,True
3570591,pain.001.001.13,missing_msg_id,False,False,True
3570591,pain.001.001.13,invalid_currency,False,False,True
3570591,pain.001.001.13,negative_amount,False,False,True
3570591,pain.001.001.13,duplicate_nb_of_txs,False,False,True
3570591,pain.001.001.13,wrong_namespace,False,False,True
1757963,pain.001.001.13,missing_msg_id,False,False,True
1757963,pain.001.001.13,invalid_currency,False,False,True
1757963,pain.001.001.13,negative_amount,False,False,True
1757963,pain.001.001.13,duplicate_nb_of_txs,False,False,True
1757963,pain.001.001.13,wrong_namespace,False,False,True
2948303,pain.001.001.13,missing_msg_id,False,False,True
2948303,pain.001.001.13,invalid_currency,False,False,True
2948303,pain.001.001.13,negative_amount,False,False,True
2948303,pain.001.001.13,duplicate_nb_of_txs,False,False,True
2948303,pain.001.001.13,wrong_namespace,False,False,True
1463502,pain.001.001.13,missing_msg_id,False,False,True
1463502,pain.001.001.13,invalid_currency,False,False,True
1463502,pain.001.001.13,negative_amount,False,False,True
1463502,pain.001.001.13,duplicate_nb_of_txs,False,False,True
1463502,pain.001.001.13,wrong_namespace,False,False,True
2012724,pain.001.001.13,missing_msg_id,False,False,True
2012724,pain.001.001.13,invalid_currency,False,False,True
2012724,pain.001.001.13,negative_amount,False,False,True
2012724,pain.001.001.13,duplicate_nb_of_txs,False,False,True
2012724,pain.001.001.13,wrong_namespace,False,False,True
3401319,pain.001.001.13,missing_msg_id,False,False,True
3401319,pain.001.001.13,invalid_currency,False,False,True
3401319,pain.001.001.13,negative_amount,False,False,True
3401319,pain.001.001.13,duplicate_nb_of_txs,False,False,True
3401319,pain.001.001.13,wrong_namespace,False,False,True
1265432,pain.001.001.13,missing_msg_id,False,False,True
1265432,pain.001.001.13,invalid_currency,False,False,True
1265432,pain.001.001.13,negative_amount,False,False,True
1265432,pain.001.001.13,duplicate_nb_of_txs,False,False,True
1265432,pain.001.001.13,wrong_namespace,False,False,True
641310,pain.001.001.13,missing_msg_id,False,False,True
641310,pain.001.001.13,invalid_currency,False,False,True
641310,pain.001.001.13,negative_amount,False,False,True
641310,pain.001.001.13,duplicate_nb_of_txs,False,False,True
641310,pain.001.001.13,wrong_namespace,False,False,True
3384774,pain.001.001.13,missing_msg_id,False,False,True
3384774,pain.001.001.13,invalid_currency,False,False,True
3384774,pain.001.001.13,negative_amount,False,False,True
3384774,pain.001.001.13,duplicate_nb_of_txs,False,False,True
3384774,pain.001.001.13,wrong_namespace,False,False,True
696980,pain.001.001.13,missing_msg_id,False,False,True
696980,pain.001.001.13,invalid_currency,False,False,True
696980,pain.001.001.13,negative_amount,False,False,True
696980,pain.001.001.13,duplicate_nb_of_txs,False,False,True
696980,pain.001.001.13,wrong_namespace,False,False,True
661762,pain.001.001.13,missing_msg_id,False,False,True
661762,pain.001.001.13,invalid_currency,False,False,True
661762,pain.001.001.13,negative_amount,False,False,True
661762,pain.001.001.13,duplicate_nb_of_txs,False,False,True
661762,pain.001.001.13,wrong_namespace,False,False,True
3912522,pacs.008.001.14,missing_msg_id,False,False,True
3912522,pacs.008.001.14,invalid_currency,False,False,True
3912522,pacs.008.001.14,negative_amount,False,False,True
3912522,pacs.008.001.14,duplicate_nb_of_txs,False,False,True
3912522,pacs.008.001.14,wrong_namespace,False,False,True
1334377,pain.001.001.13,missing_msg_id,False,False,True
1334377,pain.001.001.13,invalid_currency,False,False,True
1334377,pain.001.001.13,negative_amount,False,False,True
1334377,pain.001.001.13,duplicate_nb_of_txs,False,False,True
1334377,pain.001.001.13,wrong_namespace,False,False,True
2249418,pain.001.001.13,missing_msg_id,False,False,True
2249418,pain.001.001.13,invalid_currency,False,False,True
2249418,pain.001.001.13,negative_amount,False,False,True
2249418,pain.001.001.13,duplicate_nb_of_txs,False,False,True
2249418,pain.001.001.13,wrong_namespace,False,False,True
4085616,pacs.008.001.14,missing_msg_id,False,False,True
4085616,pacs.008.001.14,invalid_currency,False,False,True
4085616,pacs.008.001.14,negative_amount,False,False,True
4085616,pacs.008.001.14,duplicate_nb_of_txs,False,False,True
4085616,pacs.008.001.14,wrong_namespace,False,False,True
297763,pain.001.001.13,missing_msg_id,False,False,True
297763,pain.001.001.13,invalid_currency,False,False,True
297763,pain.001.001.13,negative_amount,False,False,True
297763,pain.001.001.13,duplicate_nb_of_txs,False,False,True
297763,pain.001.001.13,wrong_namespace,False,False,True
863101,pain.001.001.13,missing_msg_id,False,False,True
863101,pain.001.001.13,invalid_currency,False,False,True
863101,pain.001.001.13,negative_amount,False,False,True
863101,pain.001.001.13,duplicate_nb_of_txs,False,False,True
863101,pain.001.001.13,wrong_namespace,False,False,True
672257,pain.001.001.13,missing_msg_id,False,False,True
672257,pain.001.001.13,invalid_currency,False,False,True
672257,pain.001.001.13,negative_amount,False,False,True
672257,pain.001.001.13,duplicate_nb_of_txs,False,False,True
672257,pain.001.001.13,wrong_namespace,False,False,True
2057497,pain.001.001.13,missing_msg_id,False,False,True
2057497,pain.001.001.13,invalid_currency,False,False,True
2057497,pain.001.001.13,negative_amount,False,False,True
2057497,pain.001.001.13,duplicate_nb_of_txs,False,False,True
2057497,pain.001.001.13,wrong_namespace,False,False,True
1612036,pain.001.001.13,missing_msg_id,False,False,True
1612036,pain.001.001.13,invalid_currency,False,False,True
1612036,pain.001.001.13,negative_amount,False,False,True
1612036,pain.001.001.13,duplicate_nb_of_txs,False,False,True
1612036,pain.001.001.13,wrong_namespace,False,False,True
1024430,pain.001.001.13,missing_msg_id,False,False,True
1024430,pain.001.001.13,invalid_currency,False,False,True
1024430,pain.001.001.13,negative_amount,False,False,True
1024430,pain.001.001.13,duplicate_nb_of_txs,False,False,True
1024430,pain.001.001.13,wrong_namespace,False,False,True
3469143,pain.001.001.13,missing_msg_id,False,False,True
3469143,pain.001.001.13,invalid_currency,False,False,True
3469143,pain.001.001.13,negative_amount,False,False,True
3469143,pain.001.001.13,duplicate_nb_of_txs,False,False,True
3469143,pain.001.001.13,wrong_namespace,False,False,True
3099751,pain.001.001.13,missing_msg_id,False,False,True
3099751,pain.001.001.13,invalid_currency,False,False,True
3099751,pain.001.001.13,negative_amount,False,False,True
3099751,pain.001.001.13,duplicate_nb_of_txs,False,False,True
3099751,pain.001.001.13,wrong_namespace,False,False,True
4032019,pacs.008.001.14,missing_msg_id,False,False,True
4032019,pacs.008.001.14,invalid_currency,False,False,True
4032019,pacs.008.001.14,negative_amount,False,False,True
4032019,pacs.008.001.14,duplicate_nb_of_txs,False,False,True
4032019,pacs.008.001.14,wrong_namespace,False,False,True
1955280,pain.001.001.13,missing_msg_id,False,False,True
1955280,pain.001.001.13,invalid_currency,False,False,True
1955280,pain.001.001.13,negative_amount,False,False,True
1955280,pain.001.001.13,duplicate_nb_of_txs,False,False,True
1955280,pain.001.001.13,wrong_namespace,False,False,True
3979733,pacs.008.001.14,missing_msg_id,False,False,True
3979733,pacs.008.001.14,invalid_currency,False,False,True
3979733,pacs.008.001.14,negative_amount,False,False,True
3979733,pacs.008.001.14,duplicate_nb_of_txs,False,False,True
3979733,pacs.008.001.14,wrong_namespace,False,False,True
3028726,pain.001.001.13,missing_msg_id,False,False,True
3028726,pain.001.001.13,invalid_currency,False,False,True
3028726,pain.001.001.13,negative_amount,False,False,True
3028726,pain.001.001.13,duplicate_nb_of_txs,False,False,True
3028726,pain.001.001.13,wrong_namespace,False,False,True
2859012,pain.001.001.13,missing_msg_id,False,False,True
2859012,pain.001.001.13,invalid_currency,False,False,True
2859012,pain.001.001.13,negative_amount,False,False,True
2859012,pain.001.001.13,duplicate_nb_of_txs,False,False,True
2859012,pain.001.001.13,wrong_namespace,False,False,True
2699725,pain.001.001.13,missing_msg_id,False,False,True
2699725,pain.001.001.13,invalid_currency,False,False,True
2699725,pain.001.001.13,negative_amount,False,False,True
2699725,pain.001.001.13,duplicate_nb_of_txs,False,False,True
2699725,pain.001.001.13,wrong_namespace,False,False,True
3990606,pacs.008.001.14,missing_msg_id,False,False,True
3990606,pacs.008.001.14,invalid_currency,False,False,True
3990606,pacs.008.001.14,negative_amount,False,False,True
3990606,pacs.008.001.14,duplicate_nb_of_txs,False,False,True
3990606,pacs.008.001.14,wrong_namespace,False,False,True
1788328,pain.001.001.13,missing_msg_id,False,False,True
1788328,pain.001.001.13,invalid_currency,False,False,True
1788328,pain.001.001.13,negative_amount,False,False,True
1788328,pain.001.001.13,duplicate_nb_of_txs,False,False,True
1788328,pain.001.001.13,wrong_namespace,False,False,True
3028079,pain.001.001.13,missing_msg_id,False,False,True
3028079,pain.001.001.13,invalid_currency,False,False,True
3028079,pain.001.001.13,negative_amount,False,False,True
3028079,pain.001.001.13,duplicate_nb_of_txs,False,False,True
3028079,pain.001.001.13,wrong_namespace,False,False,True
1542047,pain.001.001.13,missing_msg_id,False,False,True
1542047,pain.001.001.13,invalid_currency,False,False,True
1542047,pain.001.001.13,negative_amount,False,False,True
1542047,pain.001.001.13,duplicate_nb_of_txs,False,False,True
1542047,pain.001.001.13,wrong_namespace,False,False,True
2181345,pain.001.001.13,missing_msg_id,False,False,True
2181345,pain.001.001.13,invalid_currency,False,False,True
2181345,pain.001.001.13,negative_amount,False,False,True
2181345,pain.001.001.13,duplicate_nb_of_txs,False,False,True
2181345,pain.001.001.13,wrong_namespace,False,False,True
747250,pain.001.001.13,missing_msg_id,False,False,True
747250,pain.001.001.13,invalid_currency,False,False,True
747250,pain.001.001.13,negative_amount,False,False,True
747250,pain.001.001.13,duplicate_nb_of_txs,False,False,True
747250,pain.001.001.13,wrong_namespace,False,False,True
1147859,pain.001.001.13,missing_msg_id,False,False,True
1147859,pain.001.001.13,invalid_currency,False,False,True
1147859,pain.001.001.13,negative_amount,False,False,True
1147859,pain.001.001.13,duplicate_nb_of_txs,False,False,True
1147859,pain.001.001.13,wrong_namespace,False,False,True
737859,pain.001.001.13,missing_msg_id,False,False,True
737859,pain.001.001.13,invalid_currency,False,False,True
737859,pain.001.001.13,negative_amount,False,False,True
737859,pain.001.001.13,duplicate_nb_of_txs,False,False,True
737859,pain.001.001.13,wrong_namespace,False,False,True
2067645,pain.001.001.13,missing_msg_id,False,False,True
2067645,pain.001.001.13,invalid_currency,False,False,True
2067645,pain.001.001.13,negative_amount,False,False,True
2067645,pain.001.001.13,duplicate_nb_of_txs,False,False,True
2067645,pain.001.001.13,wrong_namespace,False,False,True
2622071,pain.001.001.13,missing_msg_id,False,False,True
2622071,pain.001.001.13,invalid_currency,False,False,True
2622071,pain.001.001.13,negative_amount,False,False,True
2622071,pain.001.001.13,duplicate_nb_of_txs,False,False,True
2622071,pain.001.001.13,wrong_namespace,False,False,True
3439249,pain.001.001.13,missing_msg_id,False,False,True
3439249,pain.001.001.13,invalid_currency,False,False,True
3439249,pain.001.001.13,negative_amount,False,False,True
3439249,pain.001.001.13,duplicate_nb_of_txs,False,False,True
3439249,pain.001.001.13,wrong_namespace,False,False,True
3457732,pain.001.001.13,missing_msg_id,False,False,True
3457732,pain.001.001.13,invalid_currency,False,False,True
3457732,pain.001.001.13,negative_amount,False,False,True
3457732,pain.001.001.13,duplicate_nb_of_txs,False,False,True
3457732,pain.001.001.13,wrong_namespace,False,False,True
3593115,pain.001.001.13,missing_msg_id,False,False,True
3593115,pain.001.001.13,invalid_currency,False,False,True
3593115,pain.001.001.13,negative_amount,False,False,True
3593115,pain.001.001.13,duplicate_nb_of_txs,False,False,True
3593115,pain.001.001.13,wrong_namespace,False,False,True
1796216,pain.001.001.13,missing_msg_id,False,False,True
1796216,pain.001.001.13,invalid_currency,False,False,True
1796216,pain.001.001.13,negative_amount,False,False,True
1796216,pain.001.001.13,duplicate_nb_of_txs,False,False,True
1796216,pain.001.001.13,wrong_namespace,False,False,True
2814584,pain.001.001.13,missing_msg_id,False,False,True
2814584,pain.001.001.13,invalid_currency,False,False,True
2814584,pain.001.001.13,negative_amount,False,False,True
2814584,pain.001.001.13,duplicate_nb_of_txs,False,False,True
2814584,pain.001.001.13,wrong_namespace,False,False,True
1804413,pain.001.001.13,missing_msg_id,False,False,True
1804413,pain.001.001.13,invalid_currency,False,False,True
1804413,pain.001.001.13,negative_amount,False,False,True
1804413,pain.001.001.13,duplicate_nb_of_txs,False,False,True
1804413,pain.001.001.13,wrong_namespace,False,False,True
2477969,pain.001.001.13,missing_msg_id,False,False,True
2477969,pain.001.001.13,invalid_currency,False,False,True
2477969,pain.001.001.13,negative_amount,False,False,True
2477969,pain.001.001.13,duplicate_nb_of_txs,False,False,True
2477969,pain.001.001.13,wrong_namespace,False,False,True
709784,pain.001.001.13,missing_msg_id,False,False,True
709784,pain.001.001.13,invalid_currency,False,False,True
709784,pain.001.001.13,negative_amount,False,False,True
709784,pain.001.001.13,duplicate_nb_of_txs,False,False,True
709784,pain.001.001.13,wrong_namespace,False,False,True
4218144,pacs.008.001.14,missing_msg_id,False,False,True
4218144,pacs.008.001.14,invalid_currency,False,False,True
4218144,pacs.008.001.14,negative_amount,False,False,True
4218144,pacs.008.001.14,duplicate_nb_of_txs,False,False,True
4218144,pacs.008.001.14,wrong_namespace,False,False,True
2430870,pain.001.001.13,missing_msg_id,False,False,True
2430870,pain.001.001.13,invalid_currency,False,False,True
2430870,pain.001.001.13,negative_amount,False,False,True
2430870,pain.001.001.13,duplicate_nb_of_txs,False,False,True
2430870,pain.001.001.13,wrong_namespace,False,False,True
2011793,pain.001.001.13,missing_msg_id,False,False,True
2011793,pain.001.001.13,invalid_currency,False,False,True
2011793,pain.001.001.13,negative_amount,False,False,True
2011793,pain.001.001.13,duplicate_nb_of_txs,False,False,True
2011793,pain.001.001.13,wrong_namespace,False,False,True
3394045,pain.001.001.13,missing_msg_id,False,False,True
3394045,pain.001.001.13,invalid_currency,False,False,True
3394045,pain.001.001.13,negative_amount,False,False,True
3394045,pain.001.001.13,duplicate_nb_of_txs,False,False,True
3394045,pain.001.001.13,wrong_namespace,False,False,True
