rank,spot_ok,strike_ok,homogeneity_error
3319528,True,True,0.0
945101,True,True,0.0
2311514,True,True,0.0
101846,True,True,0.0
829968,True,True,0.0
884305,True,True,0.0
1276159,True,True,0.0
3329185,True,True,0.0
2620526,True,True,0.0
2035403,True,True,0.0
1072042,True,True,0.0
1237788,True,True,0.0
441163,True,True,0.0
1295202,True,True,0.0
799010,True,True,0.0
1447740,True,True,0.0
422839,True,True,0.0
905237,True,True,0.0
2108639,True,True,0.0
1708164,True,True,0.0
184830,True,True,0.0
756068,True,True,0.0
2029817,True,True,0.0
1623630,True,True,0.0
3218489,True,True,0.0
3278084,True,True,0.0
404870,True,True,0.0
1869653,True,True,0.0
1016053,True,True,0.0
2657546,True,True,0.0
2803371,True,True,0.0
628422,True,True,0.0
3183654,True,True,0.0
1056402,True,True,0.0
203971,True,True,0.0
2643001,True,True,0.0
2284353,True,True,0.0
1454314,True,True,0.0
571573,True,True,0.0
2828404,True,True,0.0
601068,True,True,0.0
1011103,True,True,0.0
2340001,True,True,0.0
1925541,True,True,0.0
152645,True,True,0.0
1793536,True,True,0.0
1230450,True,True,0.0
1320787,True,True,0.0
602784,True,True,0.0
2312410,True,True,0.0
2572824,True,True,0.0
290228,True,True,0.0
2868037,True,True,0.0
1018008,True,True,0.0
2581598,True,True,0.0
2659073,True,True,0.0
2917362,True,True,0.0
339192,True,True,0.0
1459576,True,True,0.0
2560722,True,True,0.0
2999381,True,True,0.0
629745,True,True,0.0
497186,True,True,0.0
1437236,True,True,0.0
2652084,True,True,0.0
598482,True,True,0.0
460592,True,True,0.0
936637,True,True,0.0
2327031,True,True,0.0
1660609,True,True,0.0
2569713,True,True,0.0
2832184,True,True,0.0
2522456,True,True,0.0
1202906,True,True,0.0
1811299,True,True,0.0
1657367,True,True,0.0
1109689,True,True,0.0
2447826,True,True,0.0
892645,True,True,0.0
2028655,True,True,0.0
1276085,True,True,0.0
3160131,True,True,0.0
1742423,True,True,0.0
248398,True,True,0.0
1429165,True,True,0.0
1438334,True,True,0.0
2134306,True,True,0.0
579795,True,True,0.0
2726061,True,True,0.0
342736,True,True,0.0
283591,True,True,0.0
2112213,True,True,0.0
2294018,True,True,0.0
997729,True,True,0.0
2964889,True,True,0.0
1443269,True,True,0.0
707654,True,True,0.0
2143354,True,True,0.0
2510885,True,True,0.0
2579958,True,True,0.0
2142312,True,True,0.0
1585539,True,True,0.0
3150869,True,True,0.0
1123651,True,True,0.0
1224844,True,True,0.0
1295616,True,True,0.0
1392754,True,True,0.0
570521,True,True,0.0
2512676,True,True,0.0
166726,True,True,0.0
1626256,True,True,0.0
1109840,True,True,0.0
125442,True,True,0.0
302334,True,True,0.0
2544977,True,True,0.0
2900780,True,True,0.0
817936,True,True,0.0
3188165,True,True,0.0
138828,True,True,0.0
609407,True,True,0.0
1824796,True,True,0.0
2230507,True,True,0.0
3313142,True,True,0.0
378748,True,True,0.0
633878,True,True,0.0
1667204,True,True,0.0
885350,True,True,0.0
243494,True,True,0.0
3270964,True,True,0.0
1769718,True,True,0.0
2437129,True,True,0.0
564573,True,True,0.0
2040186,True,True,0.0
2071682,True,True,0.0
1592318,True,True,0.0
2502507,True,True,0.0
7784,True,True,0.0
2006722,True,True,0.0
2671198,True,True,0.0
2030979,True,True,0.0
1877838,True,True,0.0
1393465,True,True,0.0
1750107,True,True,0.0
2730116,True,True,0.0
2845094,True,True,0.0
333331,True,True,0.0
2971045,True,True,0.0
2906430,True,True,0.0
2563708,True,True,0.0
308389,True,True,0.0
2729036,True,True,0.0
3087687,True,True,0.0
2547239,True,True,0.0
709014,True,True,0.0
1228095,True,True,0.0
3107133,True,True,0.0
2237450,True,True,0.0
1481619,True,True,0.0
902888,True,True,0.0
1410419,True,True,0.0
2711127,True,True,0.0
1356771,True,True,0.0
1144411,True,True,0.0
2081011,True,True,0.0
3150740,True,True,0.0
455408,True,True,0.0
3085705,True,True,0.0
2772123,True,True,0.0
1934952,True,True,0.0
60844,True,True,0.0
3205288,True,True,0.0
624719,True,True,0.0
3214883,True,True,0.0
3044682,True,True,0.0
3272149,True,True,0.0
3313067,True,True,0.0
492810,True,True,0.0
1352075,True,True,0.0
999844,True,True,0.0
839968,True,True,0.0
2093246,True,True,0.0
1487047,True,True,0.0
1861899,True,True,0.0
3027894,True,True,0.0
1032958,True,True,0.0
1347435,True,True,0.0
1038344,True,True,0.0
776233,True,True,0.0
637752,True,True,0.0
874317,True,True,0.0
1740724,True,True,0.0
3134395,True,True,0.0
2609705,True,True,0.0
873817,True,True,0.0
1383021,True,True,0.0
2140916,True,True,0.0
324260,True,True,0.0
1175366,True,True,0.0
125423,True,True,0.0
1872650,True,True,0.0
2452810,True,True,0.0
3236714,True,True,0.0
2301980,True,True,0.0
884653,True,True,0.0
605991,True,True,0.0
1421403,True,True,0.0
1070027,True,True,0.0
1460563,True,True,0.0
107378,True,True,0.0
2644212,True,True,0.0
2108517,True,True,0.0
1311158,True,True,0.0
2977083,True,True,0.0
3030446,True,True,0.0
2152115,True,True,0.0
1679998,True,True,0.0
1346173,True,True,0.0
1860719,True,True,0.0
956433,True,True,0.0
613955,True,True,0.0
2123761,True,True,0.0
1785295,True,True,0.0
878981,True,True,0.0
2768915,True,True,0.0
2449761,True,True,0.0
1474151,True,True,0.0
731751,True,True,0.0
3164496,True,True,0.0
2241840,True,True,0.0
2917807,True,True,0.0
1006362,True,True,0.0
1700659,True,True,0.0
2558409,True,True,0.0
632716,True,True,0.0
320655,True,True,0.0
2486157,True,True,0.0
2195281,True,True,0.0
3161031,True,True,0.0
3068117,True,True,0.0
1692387,True,True,0.0
3133749,True,True,0.0
348490,True,True,0.0
2918602,True,True,0.0
2919484,True,True,0.0
330881,True,True,0.0
1956261,True,True,0.0
2721888,True,True,0.0
2440710,True,True,0.0
3010451,True,True,0.0
3057212,True,True,0.0
667188,True,True,0.0
3196736,True,True,0.0
2910026,True,True,0.0
1124709,True,True,0.0
2042808,True,True,0.0
148881,True,True,0.0
431550,True,True,0.0
2223460,True,True,0.0
336128,True,True,0.0
1028748,True,True,0.0
806018,True,True,0.0
3058630,True,True,0.0
512215,True,True,0.0
2241493,True,True,0.0
2331658,True,True,0.0
3115403,True,True,0.0
1734571,True,True,0.0
2735117,True,True,0.0
1549875,True,True,0.0
2016009,True,True,0.0
977640,True,True,0.0
2283722,True,True,0.0
3165187,True,True,0.0
1989866,True,True,0.0
1514363,True,True,0.0
1429506,True,True,0.0
2335198,True,True,0.0
1349862,True,True,0.0
1995303,True,True,0.0
894164,True,True,0.0
1514039,True,True,0.0
771023,True,True,0.0
1090672,True,True,0.0
2536517,True,True,0.0
373625,True,True,0.0
573929,True,True,0.0
2661987,True,True,0.0
368929,True,True,0.0
1033822,True,True,0.0
2328249,True,True,0.0
1311035,True,True,0.0
1719624,True,True,0.0
1728866,True,True,0.0
1796557,True,True,0.0
898108,True,True,0.0
1407292,True,True,0.0
902206,True,True,0.0
3003409,True,True,0.0
3255070,True,True,0.0
3053832,True,True,0.0
1238984,True,True,0.0
2188591,True,True,0.0
2569910,True,True,0.0
354892,True,True,0.0
2109072,True,True,0.0
1215435,True,True,0.0
3072713,True,True,0.0
1005896,True,True,0.0
1697022,True,True,0.0
3303418,True,True,0.0
2686729,True,True,0.0
1557595,True,True,0.0
1066679,True,True,0.0
1102676,True,True,0.0
3331594,True,True,0.0
3159707,True,True,0.0
1768331,True,True,0.0
403457,True,True,0.0
3264173,True,True,0.0
66364,True,True,0.0
2496524,True,True,0.0
1013452,True,True,0.0
2052232,True,True,0.0
1901013,True,True,0.0
1050314,True,True,0.0
323591,True,True,0.0
2401769,True,True,0.0
2721002,True,True,0.0
2749940,True,True,0.0
928955,True,True,0.0
782024,True,True,0.0
1685675,True,True,0.0
3333826,True,True,0.0
2119734,True,True,0.0
1203623,True,True,0.0
1662681,True,True,0.0
243956,True,True,0.0
548979,True,True,0.0
2918237,True,True,0.0
227324,True,True,0.0
3114162,True,True,0.0
928416,True,True,0.0
1266804,True,True,0.0
517431,True,True,0.0
1764376,True,True,0.0
2120589,True,True,0.0
2574059,True,True,0.0
1022562,True,True,0.0
2183961,True,True,0.0
68814,True,True,0.0
573381,True,True,0.0
1049371,True,True,0.0
1222747,True,True,0.0
557984,True,True,0.0
1565274,True,True,0.0
1387458,True,True,0.0
230805,True,True,0.0
340298,True,True,0.0
2519772,True,True,0.0
250962,True,True,0.0
1910245,True,True,0.0
2871448,True,True,0.0
3273599,True,True,0.0
1485594,True,True,0.0
2158592,True,True,0.0
1713324,True,True,0.0
2084416,True,True,0.0
2342411,True,True,0.0
2272612,True,True,0.0
215427,True,True,0.0
1301106,True,True,0.0
1229241,True,True,0.0
2795740,True,True,0.0
910215,True,True,0.0
2656988,True,True,0.0
1543125,True,True,0.0
3053960,True,True,0.0
3046348,True,True,0.0
214822,True,True,0.0
488199,True,True,0.0
699787,True,True,0.0
872361,True,True,0.0
2269169,True,True,0.0
1749565,True,True,0.0
3332113,True,True,0.0
2874371,True,True,0.0
266435,True,True,0.0
1658332,True,True,0.0
340428,True,True,0.0
1117763,True,True,0.0
1340589,True,True,0.0
1270560,True,True,0.0
782638,True,True,0.0
388187,True,True,0.0
3345435,True,True,0.0
275601,True,True,0.0
1222127,True,True,0.0
490349,True,True,0.0
2395481,True,True,0.0
2854779,True,True,0.0
1905852,True,True,0.0
3315472,True,True,0.0
965844,True,True,0.0
1366674,True,True,0.0
1083117,True,True,0.0
1779698,True,True,0.0
1143606,True,True,0.0
3003388,True,True,0.0
209747,True,True,0.0
764023,True,True,0.0
208077,True,True,0.0
3155789,True,True,0.0
2383723,True,True,0.0
2538210,True,True,0.0
1100592,True,True,0.0
928210,True,True,0.0
1267306,True,True,0.0
2301259,True,True,0.0
954238,True,True,0.0
2501241,True,True,0.0
2377520,True,True,0.0
1080094,True,True,0.0
1124563,True,True,0.0
2862964,True,True,0.0
2033546,True,True,0.0
1571566,True,True,0.0
1032876,True,True,0.0
3021895,True,True,0.0
2527935,True,True,0.0
2333552,True,True,0.0
3113787,True,True,0.0
70696,True,True,0.0
991596,True,True,0.0
1289768,True,True,0.0
2272187,True,True,0.0
1067215,True,True,0.0
3014046,True,True,0.0
59985,True,True,0.0
1316788,True,True,0.0
204328,True,True,0.0
2580085,True,True,0.0
1839600,True,True,0.0
438996,True,True,0.0
1803724,True,True,0.0
1555709,True,True,0.0
741893,True,True,0.0
2378139,True,True,0.0
2844509,True,True,0.0
36819,True,True,0.0
3285082,True,True,0.0
505533,True,True,0.0
312059,True,True,0.0
3347523,True,True,0.0
3149233,True,True,0.0
2795412,True,True,0.0
1834997,True,True,0.0
1603173,True,True,0.0
1095993,True,True,0.0
1772873,True,True,0.0
814491,True,True,0.0
3006810,True,True,0.0
3097752,True,True,0.0
3339458,True,True,0.0
648289,True,True,0.0
1771675,True,True,0.0
1910720,True,True,0.0
579003,True,True,0.0
2489407,True,True,0.0
2414043,True,True,0.0
3265694,True,True,0.0
2549514,True,True,0.0
799229,True,True,0.0
913376,True,True,0.0
661086,True,True,0.0
425809,True,True,0.0
734406,True,True,0.0
2839421,True,True,0.0
462716,True,True,0.0
3013582,True,True,0.0
523573,True,True,0.0
439783,True,True,0.0
706297,True,True,0.0
2303303,True,True,0.0
1584236,True,True,0.0
1937238,True,True,0.0
1237872,True,True,0.0
449910,True,True,0.0
3329817,True,True,0.0
2025553,True,True,0.0
1563244,True,True,0.0
1644710,True,True,0.0
3193910,True,True,0.0
1869700,True,True,0.0
2978274,True,True,0.0
40913,True,True,0.0
2442798,True,True,0.0
124863,True,True,0.0
12538,True,True,0.0
1579042,True,True,0.0
2784421,True,True,0.0
639624,True,True,0.0
3290252,True,True,0.0
544314,True,True,0.0
785754,True,True,0.0
571500,True,True,0.0
382785,True,True,0.0
1384641,True,True,0.0
1680568,True,True,0.0
948149,True,True,0.0
2578430,True,True,0.0
1282317,True,True,0.0
878553,True,True,0.0
2681373,True,True,0.0
1565591,True,True,0.0
510826,True,True,0.0
2430856,True,True,0.0
436919,True,True,0.0
3058406,True,True,0.0
1689417,True,True,0.0
668940,True,True,0.0
226038,True,True,0.0
1149184,True,True,0.0
1371833,True,True,0.0
3173887,True,True,0.0
495352,True,True,0.0
879660,True,True,0.0
1959176,True,True,0.0
3091823,True,True,0.0
475717,True,True,0.0
2063116,True,True,0.0
1637430,True,True,0.0
1438089,True,True,0.0
2139367,True,True,0.0
585692,True,True,0.0
1929464,True,True,0.0
2975708,True,True,0.0
762017,True,True,0.0
2872291,True,True,0.0
546619,True,True,0.0
1045117,True,True,0.0
705172,True,True,0.0
163643,True,True,0.0
775033,True,True,0.0
787592,True,True,0.0
2924943,True,True,0.0
3332806,True,True,0.0
715756,True,True,0.0
688543,True,True,0.0
2299405,True,True,0.0
789353,True,True,0.0
1018821,True,True,0.0
2063226,True,True,0.0
2295426,True,True,0.0
1486649,True,True,0.0
549023,True,True,0.0
1862098,True,True,0.0
918904,True,True,0.0
1865671,True,True,0.0
3268150,True,True,0.0
14831,True,True,0.0
1617363,True,True,0.0
3291313,True,True,0.0
618074,True,True,0.0
3215079,True,True,0.0
3211943,True,True,0.0
1555078,True,True,0.0
28303,True,True,0.0
926408,True,True,0.0
2637855,True,True,0.0
984116,True,True,0.0
417554,True,True,0.0
3001643,True,True,0.0
1659603,True,True,0.0
1310238,True,True,0.0
2184923,True,True,0.0
900473,True,True,0.0
936578,True,True,0.0
2791584,True,True,0.0
1856019,True,True,0.0
1457819,True,True,0.0
1144911,True,True,0.0
569243,True,True,0.0
790174,True,True,0.0
2044632,True,True,0.0
775443,True,True,0.0
2852885,True,True,0.0
2966968,True,True,0.0
1054411,True,True,0.0
997949,True,True,0.0
3241333,True,True,0.0
1727005,True,True,0.0
757724,True,True,0.0
763769,True,True,0.0
2499014,True,True,0.0
2284111,True,True,0.0
1037161,True,True,0.0
1415160,True,True,0.0
2529229,True,True,0.0
1822481,True,True,0.0
980139,True,True,0.0
