rank,mutation,outcome,detail
329489250,bad_checksum,message,
329489250,truncated,none,
329489250,missing_begin,none,
329489250,empty_sender,exception,EmptyValueError
329489250,bad_body_length,message,
138368958,bad_checksum,message,
138368958,truncated,none,
138368958,missing_begin,none,
138368958,empty_sender,exception,EmptyValueError
138368958,bad_body_length,message,
633179660,bad_checksum,message,
633179660,truncated,none,
633179660,missing_begin,none,
633179660,empty_sender,exception,EmptyValueError
633179660,bad_body_length,message,
718986630,bad_checksum,message,
718986630,truncated,none,
718986630,missing_begin,none,
718986630,empty_sender,exception,EmptyValueError
718986630,bad_body_length,message,
173665234,bad_checksum,message,
173665234,truncated,none,
173665234,missing_begin,none,
173665234,empty_sender,exception,EmptyValueError
173665234,bad_body_length,message,
594837347,bad_checksum,message,
594837347,truncated,none,
594837347,missing_begin,none,
594837347,empty_sender,exception,EmptyValueError
594837347,bad_body_length,message,
657893748,bad_checksum,message,
657893748,truncated,none,
657893748,missing_begin,none,
657893748,empty_sender,exception,EmptyValueError
657893748,bad_body_length,message,
51501592,bad_checksum,message,
51501592,truncated,none,
51501592,missing_begin,none,
51501592,empty_sender,exception,EmptyValueError
51501592,bad_body_length,message,
213802669,bad_checksum,message,
213802669,truncated,none,
213802669,missing_begin,none,
213802669,empty_sender,exception,EmptyValueError
213802669,bad_body_length,message,
569034096,bad_checksum,message,
569034096,truncated,none,
569034096,missing_begin,none,
569034096,empty_sender,exception,EmptyValueError
569034096,bad_body_length,message,
442590164,bad_checksum,message,
442590164,truncated,none,
442590164,missing_begin,none,
442590164,empty_sender,exception,EmptyValueError
442590164,bad_body_length,message,
594785487,bad_checksum,message,
594785487,truncated,none,
594785487,missing_begin,none,
594785487,empty_sender,exception,EmptyValueError
594785487,bad_body_length,message,
433488532,bad_checksum,message,
433488532,truncated,none,
433488532,missing_begin,none,
433488532,empty_sender,exception,EmptyValueError
433488532,bad_body_length,message,
489406482,bad_checksum,message,
489406482,truncated,none,
489406482,missing_begin,none,
489406482,empty_sender,exception,EmptyValueError
489406482,bad_body_length,message,
127262703,bad_checksum,message,
127262703,truncated,none,
127262703,missing_begin,none,
127262703,empty_sender,exception,EmptyValueError
127262703,bad_body_length,message,
338681321,bad_checksum,message,
338681321,truncated,none,
338681321,missing_begin,none,
338681321,empty_sender,exception,EmptyValueError
338681321,bad_body_length,message,
151060212,bad_checksum,message,
151060212,truncated,none,
151060212,missing_begin,none,
151060212,empty_sender,exception,EmptyValueError
151060212,bad_body_length,message,
307829250,bad_checksum,message,
307829250,truncated,none,
307829250,missing_begin,none,
307829250,empty_sender,exception,EmptyValueError
307829250,bad_body_length,message,
524959141,bad_checksum,message,
524959141,truncated,none,
524959141,missing_begin,none,
524959141,empty_sender,exception,EmptyValueError
524959141,bad_body_length,message,
328512481,bad_checksum,message,
328512481,truncated,none,
328512481,missing_begin,none,
328512481,empty_sender,exception,EmptyValueError
328512481,bad_body_length,message,
557400513,bad_checksum,message,
557400513,truncated,none,
557400513,missing_begin,none,
557400513,empty_sender,exception,EmptyValueError
557400513,bad_body_length,message,
119757563,bad_checksum,message,
119757563,truncated,none,
119757563,missing_begin,none,
119757563,empty_sender,exception,EmptyValueError
119757563,bad_body_length,message,
181190296,bad_checksum,message,
181190296,truncated,none,
181190296,missing_begin,none,
181190296,empty_sender,exception,EmptyValueError
181190296,bad_body_length,message,
140941956,bad_checksum,message,
140941956,truncated,none,
140941956,missing_begin,none,
140941956,empty_sender,exception,EmptyValueError
140941956,bad_body_length,message,
588243152,bad_checksum,message,
588243152,truncated,none,
588243152,missing_begin,none,
588243152,empty_sender,exception,EmptyValueError
588243152,bad_body_length,message,
609463843,bad_checksum,message,
609463843,truncated,none,
609463843,missing_begin,none,
609463843,empty_sender,exception,EmptyValueError
609463843,bad_body_length,message,
305980922,bad_checksum,message,
305980922,truncated,none,
305980922,missing_begin,none,
305980922,empty_sender,exception,EmptyValueError
305980922,bad_body_length,message,
533629959,bad_checksum,message,
533629959,truncated,none,
533629959,missing_begin,none,
533629959,empty_sender,exception,EmptyValueError
533629959,bad_body_length,message,
359780563,bad_checksum,message,
359780563,truncated,none,
359780563,missing_begin,none,
359780563,empty_sender,exception,EmptyValueError
359780563,bad_body_length,message,
228725523,bad_checksum,message,
228725523,truncated,none,
228725523,missing_begin,none,
228725523,empty_sender,exception,EmptyValueError
228725523,bad_body_length,message,
590531320,bad_checksum,message,
590531320,truncated,none,
590531320,missing_begin,none,
590531320,empty_sender,exception,EmptyValueError
590531320,bad_body_length,message,
383750298,bad_checksum,message,
383750298,truncated,none,
383750298,missing_begin,none,
383750298,empty_sender,exception,EmptyValueError
383750298,bad_body_length,message,
605697151,bad_checksum,message,
605697151,truncated,none,
605697151,missing_begin,none,
605697151,empty_sender,exception,EmptyValueError
605697151,bad_body_length,message,
390806985,bad_checksum,message,
390806985,truncated,none,
390806985,missing_begin,none,
390806985,empty_sender,exception,EmptyValueError
390806985,bad_body_length,message,
62584224,bad_checksum,message,
62584224,truncated,none,
62584224,missing_begin,none,
62584224,empty_sender,exception,EmptyValueError
62584224,bad_body_length,message,
435251516,bad_checksum,message,
435251516,truncated,none,
435251516,missing_begin,none,
435251516,empty_sender,exception,EmptyValueError
435251516,bad_body_length,message,
644316267,bad_checksum,message,
644316267,truncated,none,
644316267,missing_begin,none,
644316267,empty_sender,exception,EmptyValueError
644316267,bad_body_length,message,
442250416,bad_checksum,message,
442250416,truncated,none,
442250416,missing_begin,none,
442250416,empty_sender,exception,EmptyValueError
442250416,bad_body_length,message,
463541439,bad_checksum,message,
463541439,truncated,none,
463541439,missing_begin,none,
463541439,empty_sender,exception,EmptyValueError
463541439,bad_body_length,message,
374111138,bad_checksum,message,
374111138,truncated,none,
374111138,missing_begin,none,
374111138,empty_sender,exception,EmptyValueError
374111138,bad_body_length,message,
430567909,bad_checksum,message,
430567909,truncated,none,
430567909,missing_begin,none,
430567909,empty_sender,exception,EmptyValueError
430567909,bad_body_length,message,
176533319,bad_checksum,message,
176533319,truncated,none,
176533319,missing_begin,none,
176533319,empty_sender,exception,EmptyValueError
176533319,bad_body_length,message,
63770001,bad_checksum,message,
63770001,truncated,none,
63770001,missing_begin,none,
63770001,empty_sender,exception,EmptyValueError
63770001,bad_body_length,message,
100724567,bad_checksum,message,
100724567,truncated,none,
100724567,missing_begin,none,
100724567,empty_sender,exception,EmptyValueError
100724567,bad_body_length,message,
192637953,bad_checksum,message,
192637953,truncated,none,
192637953,missing_begin,none,
192637953,empty_sender,exception,EmptyValueError
192637953,bad_body_length,message,
339743301,bad_checksum,message,
339743301,truncated,none,
339743301,missing_begin,none,
339743301,empty_sender,exception,EmptyValueError
339743301,bad_body_length,message,
546661169,bad_checksum,message,
546661169,truncated,none,
546661169,missing_begin,none,
546661169,empty_sender,exception,EmptyValueError
546661169,bad_body_length,message,
460583950,bad_checksum,message,
460583950,truncated,none,
460583950,missing_begin,none,
460583950,empty_sender,exception,EmptyValueError
460583950,bad_body_length,message,
525207347,bad_checksum,message,
525207347,truncated,none,
525207347,missing_begin,none,
525207347,empty_sender,exception,EmptyValueError
525207347,bad_body_length,message,
196843292,bad_checksum,message,
196843292,truncated,none,
196843292,missing_begin,none,
196843292,empty_sender,exception,EmptyValueError
196843292,bad_body_length,message,
27340377,bad_checksum,message,
27340377,truncated,none,
27340377,missing_begin,none,
27340377,empty_sender,exception,EmptyValueError
27340377,bad_body_length,message,
459088533,bad_checksum,message,
459088533,truncated,none,
459088533,missing_begin,none,
459088533,empty_sender,exception,EmptyValueError
459088533,bad_body_length,message,
202821701,bad_checksum,message,
202821701,truncated,none,
202821701,missing_begin,none,
202821701,empty_sender,exception,EmptyValueError
202821701,bad_body_length,message,
316623288,bad_checksum,message,
316623288,truncated,none,
316623288,missing_begin,none,
316623288,empty_sender,exception,EmptyValueError
316623288,bad_body_length,message,
512432396,bad_checksum,message,
512432396,truncated,none,
512432396,missing_begin,none,
512432396,empty_sender,exception,EmptyValueError
512432396,bad_body_length,message,
353743235,bad_checksum,message,
353743235,truncated,none,
353743235,missing_begin,none,
353743235,empty_sender,exception,EmptyValueError
353743235,bad_body_length,message,
180975329,bad_checksum,message,
180975329,truncated,none,
180975329,missing_begin,none,
180975329,empty_sender,exception,EmptyValueError
180975329,bad_body_length,message,
174271744,bad_checksum,message,
174271744,truncated,none,
174271744,missing_begin,none,
174271744,empty_sender,exception,EmptyValueError
174271744,bad_body_length,message,
115859844,bad_checksum,message,
115859844,truncated,none,
115859844,missing_begin,none,
115859844,empty_sender,exception,EmptyValueError
115859844,bad_body_length,message,
2213783,bad_checksum,message,
2213783,truncated,none,
2213783,missing_begin,none,
2213783,empty_sender,exception,EmptyValueError
2213783,bad_body_length,message,
298968116,bad_checksum,message,
298968116,truncated,none,
298968116,missing_begin,none,
298968116,empty_sender,exception,EmptyValueError
298968116,bad_body_length,message,
177430135,bad_checksum,message,
177430135,truncated,none,
177430135,missing_begin,none,
177430135,empty_sender,exception,EmptyValueError
177430135,bad_body_length,message,
430524125,bad_checksum,message,
430524125,truncated,none,
430524125,missing_begin,none,
430524125,empty_sender,exception,EmptyValueError
430524125,bad_body_length,message,
621918418,bad_checksum,message,
621918418,truncated,none,
621918418,missing_begin,none,
621918418,empty_sender,exception,EmptyValueError
621918418,bad_body_length,message,
510630389,bad_checksum,message,
510630389,truncated,none,
510630389,missing_begin,none,
510630389,empty_sender,exception,EmptyValueError
510630389,bad_body_length,message,
506933933,bad_checksum,message,
506933933,truncated,none,
506933933,missing_begin,none,
506933933,empty_sender,exception,EmptyValueError
506933933,bad_body_length,message,
136643365,bad_checksum,message,
136643365,truncated,none,
136643365,missing_begin,none,
136643365,empty_sender,exception,EmptyValueError
136643365,bad_body_length,message,
203752620,bad_checksum,message,
203752620,truncated,none,
203752620,missing_begin,none,
203752620,empty_sender,exception,EmptyValueError
203752620,bad_body_length,message,
434530891,bad_checksum,message,
434530891,truncated,none,
434530891,missing_begin,none,
434530891,empty_sender,exception,EmptyValueError
434530891,bad_body_length,message,
140388297,bad_checksum,message,
140388297,truncated,none,
140388297,missing_begin,none,
140388297,empty_sender,exception,EmptyValueError
140388297,bad_body_length,message,
425185590,bad_checksum,message,
425185590,truncated,none,
425185590,missing_begin,none,
425185590,empty_sender,exception,EmptyValueError
425185590,bad_body_length,message,
600987398,bad_checksum,message,
600987398,truncated,none,
600987398,missing_begin,none,
600987398,empty_sender,exception,EmptyValueError
600987398,bad_body_length,message,
11639436,bad_checksum,message,
11639436,truncated,none,
11639436,missing_begin,none,
11639436,empty_sender,exception,EmptyValueError
11639436,bad_body_length,message,
84550472,bad_checksum,message,
84550472,truncated,none,
84550472,missing_begin,none,
84550472,empty_sender,exception,EmptyValueError
84550472,bad_body_length,message,
515419289,bad_checksum,message,
515419289,truncated,none,
515419289,missing_begin,none,
515419289,empty_sender,exception,EmptyValueError
515419289,bad_body_length,message,
406789476,bad_checksum,message,
406789476,truncated,none,
406789476,missing_begin,none,
406789476,empty_sender,exception,EmptyValueError
406789476,bad_body_length,message,
282939979,bad_checksum,message,
282939979,truncated,none,
282939979,missing_begin,none,
282939979,empty_sender,exception,EmptyValueError
282939979,bad_body_length,message,
307507969,bad_checksum,message,
307507969,truncated,none,
307507969,missing_begin,none,
307507969,empty_sender,exception,EmptyValueError
307507969,bad_body_length,message,
494710640,bad_checksum,message,
494710640,truncated,none,
494710640,missing_begin,none,
494710640,empty_sender,exception,EmptyValueError
494710640,bad_body_length,message,
289057670,bad_checksum,message,
289057670,truncated,none,
289057670,missing_begin,none,
289057670,empty_sender,exception,EmptyValueError
289057670,bad_body_length,message,
615091570,bad_checksum,message,
615091570,truncated,none,
615091570,missing_begin,none,
615091570,empty_sender,exception,EmptyValueError
615091570,bad_body_length,message,
600815472,bad_checksum,message,
600815472,truncated,none,
600815472,missing_begin,none,
600815472,empty_sender,exception,EmptyValueError
600815472,bad_body_length,message,
686899391,bad_checksum,message,
686899391,truncated,none,
686899391,missing_begin,none,
686899391,empty_sender,exception,EmptyValueError
686899391,bad_body_length,message,
53794701,bad_checksum,message,
53794701,truncated,none,
53794701,missing_begin,none,
53794701,empty_sender,exception,EmptyValueError
53794701,bad_body_length,message,
47461847,bad_checksum,message,
47461847,truncated,none,
47461847,missing_begin,none,
47461847,empty_sender,exception,EmptyValueError
47461847,bad_body_length,message,
518267014,bad_checksum,message,
518267014,truncated,none,
518267014,missing_begin,none,
518267014,empty_sender,exception,EmptyValueError
518267014,bad_body_length,message,
163623355,bad_checksum,message,
163623355,truncated,none,
163623355,missing_begin,none,
163623355,empty_sender,exception,EmptyValueError
163623355,bad_body_length,message,
670809232,bad_checksum,message,
670809232,truncated,none,
670809232,missing_begin,none,
670809232,empty_sender,exception,EmptyValueError
670809232,bad_body_length,message,
479311306,bad_checksum,message,
479311306,truncated,none,
479311306,missing_begin,none,
479311306,empty_sender,exception,EmptyValueError
479311306,bad_body_length,message,
30474933,bad_checksum,message,
30474933,truncated,none,
30474933,missing_begin,none,
30474933,empty_sender,exception,EmptyValueError
30474933,bad_body_length,message,
177066501,bad_checksum,message,
177066501,truncated,none,
177066501,missing_begin,none,
177066501,empty_sender,exception,EmptyValueError
177066501,bad_body_length,message,
264663347,bad_checksum,message,
264663347,truncated,none,
264663347,missing_begin,none,
264663347,empty_sender,exception,EmptyValueError
264663347,bad_body_length,message,
338498863,bad_checksum,message,
338498863,truncated,none,
338498863,missing_begin,none,
338498863,empty_sender,exception,EmptyValueError
338498863,bad_body_length,message,
98066826,bad_checksum,message,
98066826,truncated,none,
98066826,missing_begin,none,
98066826,empty_sender,exception,EmptyValueError
98066826,bad_body_length,message,
145249117,bad_checksum,message,
145249117,truncated,none,
145249117,missing_begin,none,
145249117,empty_sender,exception,EmptyValueError
145249117,bad_body_length,message,
570211513,bad_checksum,message,
570211513,truncated,none,
570211513,missing_begin,none,
570211513,empty_sender,exception,EmptyValueError
570211513,bad_body_length,message,
174183278,bad_checksum,message,
174183278,truncated,none,
174183278,missing_begin,none,
174183278,empty_sender,exception,EmptyValueError
174183278,bad_body_length,message,
187032263,bad_checksum,message,
187032263,truncated,none,
187032263,missing_begin,none,
187032263,empty_sender,exception,EmptyValueError
187032263,bad_body_length,message,
112018838,bad_checksum,message,
112018838,truncated,none,
112018838,missing_begin,none,
112018838,empty_sender,exception,EmptyValueError
112018838,bad_body_length,message,
280586433,bad_checksum,message,
280586433,truncated,none,
280586433,missing_begin,none,
280586433,empty_sender,exception,EmptyValueError
280586433,bad_body_length,message,
101132598,bad_checksum,message,
101132598,truncated,none,
101132598,missing_begin,none,
101132598,empty_sender,exception,EmptyValueError
101132598,bad_body_length,message,
574417819,bad_checksum,message,
574417819,truncated,none,
574417819,missing_begin,none,
574417819,empty_sender,exception,EmptyValueError
574417819,bad_body_length,message,
674611309,bad_checksum,message,
674611309,truncated,none,
674611309,missing_begin,none,
674611309,empty_sender,exception,EmptyValueError
674611309,bad_body_length,message,
287111286,bad_checksum,message,
287111286,truncated,none,
287111286,missing_begin,none,
287111286,empty_sender,exception,EmptyValueError
287111286,bad_body_length,message,
701877212,bad_checksum,message,
701877212,truncated,none,
701877212,missing_begin,none,
701877212,empty_sender,exception,EmptyValueError
701877212,bad_body_length,message,
403165204,bad_checksum,message,
403165204,truncated,none,
403165204,missing_begin,none,
403165204,empty_sender,exception,EmptyValueError
403165204,bad_body_length,message,
104111417,bad_checksum,message,
104111417,truncated,none,
104111417,missing_begin,none,
104111417,empty_sender,exception,EmptyValueError
104111417,bad_body_length,message,
685820603,bad_checksum,message,
685820603,truncated,none,
685820603,missing_begin,none,
685820603,empty_sender,exception,EmptyValueError
685820603,bad_body_length,message,
602572717,bad_checksum,message,
602572717,truncated,none,
602572717,missing_begin,none,
602572717,empty_sender,exception,EmptyValueError
602572717,bad_body_length,message,
109749786,bad_checksum,message,
109749786,truncated,none,
109749786,missing_begin,none,
109749786,empty_sender,exception,EmptyValueError
109749786,bad_body_length,message,
14702713,bad_checksum,message,
14702713,truncated,none,
14702713,missing_begin,none,
14702713,empty_sender,exception,EmptyValueError
14702713,bad_body_length,message,
233321597,bad_checksum,message,
233321597,truncated,none,
233321597,missing_begin,none,
233321597,empty_sender,exception,EmptyValueError
233321597,bad_body_length,message,
325213754,bad_checksum,message,
325213754,truncated,none,
325213754,missing_begin,none,
325213754,empty_sender,exception,EmptyValueError
325213754,bad_body_length,message,
550331423,bad_checksum,message,
550331423,truncated,none,
550331423,missing_begin,none,
550331423,empty_sender,exception,EmptyValueError
550331423,bad_body_length,message,
132200072,bad_checksum,message,
132200072,truncated,none,
132200072,missing_begin,none,
132200072,empty_sender,exception,EmptyValueError
132200072,bad_body_length,message,
12903412,bad_checksum,message,
12903412,truncated,none,
12903412,missing_begin,none,
12903412,empty_sender,exception,EmptyValueError
12903412,bad_body_length,message,
345267700,bad_checksum,message,
345267700,truncated,none,
345267700,missing_begin,none,
345267700,empty_sender,exception,EmptyValueError
345267700,bad_body_length,message,
270396072,bad_checksum,message,
270396072,truncated,none,
270396072,missing_begin,none,
270396072,empty_sender,exception,EmptyValueError
270396072,bad_body_length,message,
663129730,bad_checksum,message,
663129730,truncated,none,
663129730,missing_begin,none,
663129730,empty_sender,exception,EmptyValueError
663129730,bad_body_length,message,
675875758,bad_checksum,message,
675875758,truncated,none,
675875758,missing_begin,none,
675875758,empty_sender,exception,EmptyValueError
675875758,bad_body_length,message,
257190088,bad_checksum,message,
257190088,truncated,none,
257190088,missing_begin,none,
257190088,empty_sender,exception,EmptyValueError
257190088,bad_body_length,message,
260872336,bad_checksum,message,
260872336,truncated,none,
260872336,missing_begin,none,
260872336,empty_sender,exception,EmptyValueError
260872336,bad_body_length,message,
46060086,bad_checksum,message,
46060086,truncated,none,
46060086,missing_begin,none,
46060086,empty_sender,exception,EmptyValueError
46060086,bad_body_length,message,
24727283,bad_checksum,message,
24727283,truncated,none,
24727283,missing_begin,none,
24727283,empty_sender,exception,EmptyValueError
24727283,bad_body_length,message,
179293052,bad_checksum,message,
179293052,truncated,none,
179293052,missing_begin,none,
179293052,empty_sender,exception,EmptyValueError
179293052,bad_body_length,message,
520883763,bad_checksum,message,
520883763,truncated,none,
520883763,missing_begin,none,
520883763,empty_sender,exception,EmptyValueError
520883763,bad_body_length,message,
46082696,bad_checksum,message,
46082696,truncated,none,
46082696,missing_begin,none,
46082696,empty_sender,exception,EmptyValueError
46082696,bad_body_length,message,
349934674,bad_checksum,message,
349934674,truncated,none,
349934674,missing_begin,none,
349934674,empty_sender,exception,EmptyValueError
349934674,bad_body_length,message,
281793870,bad_checksum,message,
281793870,truncated,none,
281793870,missing_begin,none,
281793870,empty_sender,exception,EmptyValueError
281793870,bad_body_length,message,
167737714,bad_checksum,message,
167737714,truncated,none,
167737714,missing_begin,none,
167737714,empty_sender,exception,EmptyValueError
167737714,bad_body_length,message,
698492901,bad_checksum,message,
698492901,truncated,none,
698492901,missing_begin,none,
698492901,empty_sender,exception,EmptyValueError
698492901,bad_body_length,message,
520804105,bad_checksum,message,
520804105,truncated,none,
520804105,missing_begin,none,
520804105,empty_sender,exception,EmptyValueError
520804105,bad_body_length,message,
356101767,bad_checksum,message,
356101767,truncated,none,
356101767,missing_begin,none,
356101767,empty_sender,exception,EmptyValueError
356101767,bad_body_length,message,
216828966,bad_checksum,message,
216828966,truncated,none,
216828966,missing_begin,none,
216828966,empty_sender,exception,EmptyValueError
216828966,bad_body_length,message,
487682368,bad_checksum,message,
487682368,truncated,none,
487682368,missing_begin,none,
487682368,empty_sender,exception,EmptyValueError
487682368,bad_body_length,message,
385575229,bad_checksum,message,
385575229,truncated,none,
385575229,missing_begin,none,
385575229,empty_sender,exception,EmptyValueError
385575229,bad_body_length,message,
95639854,bad_checksum,message,
95639854,truncated,none,
95639854,missing_begin,none,
95639854,empty_sender,exception,EmptyValueError
95639854,bad_body_length,message,
571934143,bad_checksum,message,
571934143,truncated,none,
571934143,missing_begin,none,
571934143,empty_sender,exception,EmptyValueError
571934143,bad_body_length,message,
216533452,bad_checksum,message,
216533452,truncated,none,
216533452,missing_begin,none,
216533452,empty_sender,exception,EmptyValueError
216533452,bad_body_length,message,
308383628,bad_checksum,message,
308383628,truncated,none,
308383628,missing_begin,none,
308383628,empty_sender,exception,EmptyValueError
308383628,bad_body_length,message,
586741425,bad_checksum,message,
586741425,truncated,none,
586741425,missing_begin,none,
586741425,empty_sender,exception,EmptyValueError
586741425,bad_body_length,message,
106107662,bad_checksum,message,
106107662,truncated,none,
106107662,missing_begin,none,
106107662,empty_sender,exception,EmptyValueError
106107662,bad_body_length,message,
676746190,bad_checksum,message,
676746190,truncated,none,
676746190,missing_begin,none,
676746190,empty_sender,exception,EmptyValueError
676746190,bad_body_length,message,
151705389,bad_checksum,message,
151705389,truncated,none,
151705389,missing_begin,none,
151705389,empty_sender,exception,EmptyValueError
151705389,bad_body_length,message,
687683052,bad_checksum,message,
687683052,truncated,none,
687683052,missing_begin,none,
687683052,empty_sender,exception,EmptyValueError
687683052,bad_body_length,message,
350237900,bad_checksum,message,
350237900,truncated,none,
350237900,missing_begin,none,
350237900,empty_sender,exception,EmptyValueError
350237900,bad_body_length,message,
637823446,bad_checksum,message,
637823446,truncated,none,
637823446,missing_begin,none,
637823446,empty_sender,exception,EmptyValueError
637823446,bad_body_length,message,
674625561,bad_checksum,message,
674625561,truncated,none,
674625561,missing_begin,none,
674625561,empty_sender,exception,EmptyValueError
674625561,bad_body_length,message,
51232799,bad_checksum,message,
51232799,truncated,none,
51232799,missing_begin,none,
51232799,empty_sender,exception,EmptyValueError
51232799,bad_body_length,message,
570880405,bad_checksum,message,
570880405,truncated,none,
570880405,missing_begin,none,
570880405,empty_sender,exception,EmptyValueError
570880405,bad_body_length,message,
210072704,bad_checksum,message,
210072704,truncated,none,
210072704,missing_begin,none,
210072704,empty_sender,exception,EmptyValueError
210072704,bad_body_length,message,
407456215,bad_checksum,message,
407456215,truncated,none,
407456215,missing_begin,none,
407456215,empty_sender,exception,EmptyValueError
407456215,bad_body_length,message,
309517333,bad_checksum,message,
309517333,truncated,none,
309517333,missing_begin,none,
309517333,empty_sender,exception,EmptyValueError
309517333,bad_body_length,message,
175299842,bad_checksum,message,
175299842,truncated,none,
175299842,missing_begin,none,
175299842,empty_sender,exception,EmptyValueError
175299842,bad_body_length,message,
59997428,bad_checksum,message,
59997428,truncated,none,
59997428,missing_begin,none,
59997428,empty_sender,exception,EmptyValueError
59997428,bad_body_length,message,
38745438,bad_checksum,message,
38745438,truncated,none,
38745438,missing_begin,none,
38745438,empty_sender,exception,EmptyValueError
38745438,bad_body_length,message,
435414750,bad_checksum,message,
435414750,truncated,none,
435414750,missing_begin,none,
435414750,empty_sender,exception,EmptyValueError
435414750,bad_body_length,message,
16739674,bad_checksum,message,
16739674,truncated,none,
16739674,missing_begin,none,
16739674,empty_sender,exception,EmptyValueError
16739674,bad_body_length,message,
529269979,bad_checksum,message,
529269979,truncated,none,
529269979,missing_begin,none,
529269979,empty_sender,exception,EmptyValueError
529269979,bad_body_length,message,
185407325,bad_checksum,message,
185407325,truncated,none,
185407325,missing_begin,none,
185407325,empty_sender,exception,EmptyValueError
185407325,bad_body_length,message,
547551254,bad_checksum,message,
547551254,truncated,none,
547551254,missing_begin,none,
547551254,empty_sender,exception,EmptyValueError
547551254,bad_body_length,message,
646420470,bad_checksum,message,
646420470,truncated,none,
646420470,missing_begin,none,
646420470,empty_sender,exception,EmptyValueError
646420470,bad_body_length,message,
352705577,bad_checksum,message,
352705577,truncated,none,
352705577,missing_begin,none,
352705577,empty_sender,exception,EmptyValueError
352705577,bad_body_length,message,
544915975,bad_checksum,message,
544915975,truncated,none,
544915975,missing_begin,none,
544915975,empty_sender,exception,EmptyValueError
544915975,bad_body_length,message,
709969547,bad_checksum,message,
709969547,truncated,none,
709969547,missing_begin,none,
709969547,empty_sender,exception,EmptyValueError
709969547,bad_body_length,message,
374538112,bad_checksum,message,
374538112,truncated,none,
374538112,missing_begin,none,
374538112,empty_sender,exception,EmptyValueError
374538112,bad_body_length,message,
226517839,bad_checksum,message,
226517839,truncated,none,
226517839,missing_begin,none,
226517839,empty_sender,exception,EmptyValueError
226517839,bad_body_length,message,
266201,bad_checksum,message,
266201,truncated,none,
266201,missing_begin,none,
266201,empty_sender,exception,EmptyValueError
266201,bad_body_length,message,
442570603,bad_checksum,message,
442570603,truncated,none,
442570603,missing_begin,none,
442570603,empty_sender,exception,EmptyValueError
442570603,bad_body_length,message,
45111215,bad_checksum,message,
45111215,truncated,none,
45111215,missing_begin,none,
45111215,empty_sender,exception,EmptyValueError
45111215,bad_body_length,message,
704705068,bad_checksum,message,
704705068,truncated,none,
704705068,missing_begin,none,
704705068,empty_sender,exception,EmptyValueError
704705068,bad_body_length,message,
674984108,bad_checksum,message,
674984108,truncated,none,
674984108,missing_begin,none,
674984108,empty_sender,exception,EmptyValueError
674984108,bad_body_length,message,
311510259,bad_checksum,message,
311510259,truncated,none,
311510259,missing_begin,none,
311510259,empty_sender,exception,EmptyValueError
311510259,bad_body_length,message,
490824483,bad_checksum,message,
490824483,truncated,none,
490824483,missing_begin,none,
490824483,empty_sender,exception,EmptyValueError
490824483,bad_body_length,message,
618357276,bad_checksum,message,
618357276,truncated,none,
618357276,missing_begin,none,
618357276,empty_sender,exception,EmptyValueError
618357276,bad_body_length,message,
572497871,bad_checksum,message,
572497871,truncated,none,
572497871,missing_begin,none,
572497871,empty_sender,exception,EmptyValueError
572497871,bad_body_length,message,
151837413,bad_checksum,message,
151837413,truncated,none,
151837413,missing_begin,none,
151837413,empty_sender,exception,EmptyValueError
151837413,bad_body_length,message,
202142403,bad_checksum,message,
202142403,truncated,none,
202142403,missing_begin,none,
202142403,empty_sender,exception,EmptyValueError
202142403,bad_body_length,message,
656076012,bad_checksum,message,
656076012,truncated,none,
656076012,missing_begin,none,
656076012,empty_sender,exception,EmptyValueError
656076012,bad_body_length,message,
655278708,bad_checksum,message,
655278708,truncated,none,
655278708,missing_begin,none,
655278708,empty_sender,exception,EmptyValueError
655278708,bad_body_length,message,
421929797,bad_checksum,message,
421929797,truncated,none,
421929797,missing_begin,none,
421929797,empty_sender,exception,EmptyValueError
421929797,bad_body_length,message,
171567295,bad_checksum,message,
171567295,truncated,none,
171567295,missing_begin,none,
171567295,empty_sender,exception,EmptyValueError
171567295,bad_body_length,message,
519186615,bad_checksum,message,
519186615,truncated,none,
519186615,missing_begin,none,
519186615,empty_sender,exception,EmptyValueError
519186615,bad_body_length,message,
379293060,bad_checksum,message,
379293060,truncated,none,
379293060,missing_begin,none,
379293060,empty_sender,exception,EmptyValueError
379293060,bad_body_length,message,
140316876,bad_checksum,message,
140316876,truncated,none,
140316876,missing_begin,none,
140316876,empty_sender,exception,EmptyValueError
140316876,bad_body_length,message,
469411172,bad_checksum,message,
469411172,truncated,none,
469411172,missing_begin,none,
469411172,empty_sender,exception,EmptyValueError
469411172,bad_body_length,message,
157616606,bad_checksum,message,
157616606,truncated,none,
157616606,missing_begin,none,
157616606,empty_sender,exception,EmptyValueError
157616606,bad_body_length,message,
14907704,bad_checksum,message,
14907704,truncated,none,
14907704,missing_begin,none,
14907704,empty_sender,exception,EmptyValueError
14907704,bad_body_length,message,
482359663,bad_checksum,message,
482359663,truncated,none,
482359663,missing_begin,none,
482359663,empty_sender,exception,EmptyValueError
482359663,bad_body_length,message,
26313429,bad_checksum,message,
26313429,truncated,none,
26313429,missing_begin,none,
26313429,empty_sender,exception,EmptyValueError
26313429,bad_body_length,message,
31396916,bad_checksum,message,
31396916,truncated,none,
31396916,missing_begin,none,
31396916,empty_sender,exception,EmptyValueError
31396916,bad_body_length,message,
592929671,bad_checksum,message,
592929671,truncated,none,
592929671,missing_begin,none,
592929671,empty_sender,exception,EmptyValueError
592929671,bad_body_length,message,
557279809,bad_checksum,message,
557279809,truncated,none,
557279809,missing_begin,none,
557279809,empty_sender,exception,EmptyValueError
557279809,bad_body_length,message,
463990686,bad_checksum,message,
463990686,truncated,none,
463990686,missing_begin,none,
463990686,empty_sender,exception,EmptyValueError
463990686,bad_body_length,message,
222176428,bad_checksum,message,
222176428,truncated,none,
222176428,missing_begin,none,
222176428,empty_sender,exception,EmptyValueError
222176428,bad_body_length,message,
129020122,bad_checksum,message,
129020122,truncated,none,
129020122,missing_begin,none,
129020122,empty_sender,exception,EmptyValueError
129020122,bad_body_length,message,
82019054,bad_checksum,message,
82019054,truncated,none,
82019054,missing_begin,none,
82019054,empty_sender,exception,EmptyValueError
82019054,bad_body_length,message,
341850011,bad_checksum,message,
341850011,truncated,none,
341850011,missing_begin,none,
341850011,empty_sender,exception,EmptyValueError
341850011,bad_body_length,message,
655207470,bad_checksum,message,
655207470,truncated,none,
655207470,missing_begin,none,
655207470,empty_sender,exception,EmptyValueError
655207470,bad_body_length,message,
105441389,bad_checksum,message,
105441389,truncated,none,
105441389,missing_begin,none,
105441389,empty_sender,exception,EmptyValueError
105441389,bad_body_length,message,
343458054,bad_checksum,message,
343458054,truncated,none,
343458054,missing_begin,none,
343458054,empty_sender,exception,EmptyValueError
343458054,bad_body_length,message,
105493803,bad_checksum,message,
105493803,truncated,none,
105493803,missing_begin,none,
105493803,empty_sender,exception,EmptyValueError
105493803,bad_body_length,message,
144431221,bad_checksum,message,
144431221,truncated,none,
144431221,missing_begin,none,
144431221,empty_sender,exception,EmptyValueError
144431221,bad_body_length,message,
701495531,bad_checksum,message,
701495531,truncated,none,
701495531,missing_begin,none,
701495531,empty_sender,exception,EmptyValueError
701495531,bad_body_length,message,
319393047,bad_checksum,message,
319393047,truncated,none,
319393047,missing_begin,none,
319393047,empty_sender,exception,EmptyValueError
319393047,bad_body_length,message,
239336687,bad_checksum,message,
239336687,truncated,none,
239336687,missing_begin,none,
239336687,empty_sender,exception,EmptyValueError
239336687,bad_body_length,message,
690192337,bad_checksum,message,
690192337,truncated,none,
690192337,missing_begin,none,
690192337,empty_sender,exception,EmptyValueError
690192337,bad_body_length,message,
475596505,bad_checksum,message,
475596505,truncated,none,
475596505,missing_begin,none,
475596505,empty_sender,exception,EmptyValueError
475596505,bad_body_length,message,
294287454,bad_checksum,message,
294287454,truncated,none,
294287454,missing_begin,none,
294287454,empty_sender,exception,EmptyValueError
294287454,bad_body_length,message,
466977172,bad_checksum,message,
466977172,truncated,none,
466977172,missing_begin,none,
466977172,empty_sender,exception,EmptyValueError
466977172,bad_body_length,message,
365108821,bad_checksum,message,
365108821,truncated,none,
365108821,missing_begin,none,
365108821,empty_sender,exception,EmptyValueError
365108821,bad_body_length,message,
318710421,bad_checksum,message,
318710421,truncated,none,
318710421,missing_begin,none,
318710421,empty_sender,exception,EmptyValueError
318710421,bad_body_length,message,
395409274,bad_checksum,message,
395409274,truncated,none,
395409274,missing_begin,none,
395409274,empty_sender,exception,EmptyValueError
395409274,bad_body_length,message,
184973364,bad_checksum,message,
184973364,truncated,none,
184973364,missing_begin,none,
184973364,empty_sender,exception,EmptyValueError
184973364,bad_body_length,message,
62850866,bad_checksum,message,
62850866,truncated,none,
62850866,missing_begin,none,
62850866,empty_sender,exception,EmptyValueError
62850866,bad_body_length,message,
38554302,bad_checksum,message,
38554302,truncated,none,
38554302,missing_begin,none,
38554302,empty_sender,exception,EmptyValueError
38554302,bad_body_length,message,
437696316,bad_checksum,message,
437696316,truncated,none,
437696316,missing_begin,none,
437696316,empty_sender,exception,EmptyValueError
437696316,bad_body_length,message,
4292110,bad_checksum,message,
4292110,truncated,none,
4292110,missing_begin,none,
4292110,empty_sender,exception,EmptyValueError
4292110,bad_body_length,message,
227529363,bad_checksum,message,
227529363,truncated,none,
227529363,missing_begin,none,
227529363,empty_sender,exception,EmptyValueError
227529363,bad_body_length,message,
348258906,bad_checksum,message,
348258906,truncated,none,
348258906,missing_begin,none,
348258906,empty_sender,exception,EmptyValueError
348258906,bad_body_length,message,
638735017,bad_checksum,message,
638735017,truncated,none,
638735017,missing_begin,none,
638735017,empty_sender,exception,EmptyValueError
638735017,bad_body_length,message,
718573317,bad_checksum,message,
718573317,truncated,none,
718573317,missing_begin,none,
718573317,empty_sender,exception,EmptyValueError
718573317,bad_body_length,message,
296870111,bad_checksum,message,
296870111,truncated,none,
296870111,missing_begin,none,
296870111,empty_sender,exception,EmptyValueError
296870111,bad_body_length,message,
365099574,bad_checksum,message,
365099574,truncated,none,
365099574,missing_begin,none,
365099574,empty_sender,exception,EmptyValueError
365099574,bad_body_length,message,
253765864,bad_checksum,message,
253765864,truncated,none,
253765864,missing_begin,none,
253765864,empty_sender,exception,EmptyValueError
253765864,bad_body_length,message,
548061300,bad_checksum,message,
548061300,truncated,none,
548061300,missing_begin,none,
548061300,empty_sender,exception,EmptyValueError
548061300,bad_body_length,message,
268017195,bad_checksum,message,
268017195,truncated,none,
268017195,missing_begin,none,
268017195,empty_sender,exception,EmptyValueError
268017195,bad_body_length,message,
268292549,bad_checksum,message,
268292549,truncated,none,
268292549,missing_begin,none,
268292549,empty_sender,exception,EmptyValueError
268292549,bad_body_length,message,
283113158,bad_checksum,message,
283113158,truncated,none,
283113158,missing_begin,none,
283113158,empty_sender,exception,EmptyValueError
283113158,bad_body_length,message,
702178932,bad_checksum,message,
702178932,truncated,none,
702178932,missing_begin,none,
702178932,empty_sender,exception,EmptyValueError
702178932,bad_body_length,message,
81090063,bad_checksum,message,
81090063,truncated,none,
81090063,missing_begin,none,
81090063,empty_sender,exception,EmptyValueError
81090063,bad_body_length,message,
121644460,bad_checksum,message,
121644460,truncated,none,
121644460,missing_begin,none,
121644460,empty_sender,exception,EmptyValueError
121644460,bad_body_length,message,
188712062,bad_checksum,message,
188712062,truncated,none,
188712062,missing_begin,none,
188712062,empty_sender,exception,EmptyValueError
188712062,bad_body_length,message,
49827586,bad_checksum,message,
49827586,truncated,none,
49827586,missing_begin,none,
49827586,empty_sender,exception,EmptyValueError
49827586,bad_body_length,message,
74835475,bad_checksum,message,
74835475,truncated,none,
74835475,missing_begin,none,
74835475,empty_sender,exception,EmptyValueError
74835475,bad_body_length,message,
250059143,bad_checksum,message,
250059143,truncated,none,
250059143,missing_begin,none,
250059143,empty_sender,exception,EmptyValueError
250059143,bad_body_length,message,
540398006,bad_checksum,message,
540398006,truncated,none,
540398006,missing_begin,none,
540398006,empty_sender,exception,EmptyValueError
540398006,bad_body_length,message,
36595926,bad_checksum,message,
36595926,truncated,none,
36595926,missing_begin,none,
36595926,empty_sender,exception,EmptyValueError
36595926,bad_body_length,message,
111721818,bad_checksum,message,
111721818,truncated,none,
111721818,missing_begin,none,
111721818,empty_sender,exception,EmptyValueError
111721818,bad_body_length,message,
546549429,bad_checksum,message,
546549429,truncated,none,
546549429,missing_begin,none,
546549429,empty_sender,exception,EmptyValueError
546549429,bad_body_length,message,
49256847,bad_checksum,message,
49256847,truncated,none,
49256847,missing_begin,none,
49256847,empty_sender,exception,EmptyValueError
49256847,bad_body_length,message,
711148426,bad_checksum,message,
711148426,truncated,none,
711148426,missing_begin,none,
711148426,empty_sender,exception,EmptyValueError
711148426,bad_body_length,message,
467278284,bad_checksum,message,
467278284,truncated,none,
467278284,missing_begin,none,
467278284,empty_sender,exception,EmptyValueError
467278284,bad_body_length,message,
34224250,bad_checksum,message,
34224250,truncated,none,
34224250,missing_begin,none,
34224250,empty_sender,exception,EmptyValueError
34224250,bad_body_length,message,
101832716,bad_checksum,message,
101832716,truncated,none,
101832716,missing_begin,none,
101832716,empty_sender,exception,EmptyValueError
101832716,bad_body_length,message,
42520273,bad_checksum,message,
42520273,truncated,none,
42520273,missing_begin,none,
42520273,empty_sender,exception,EmptyValueError
42520273,bad_body_length,message,
570873854,bad_checksum,message,
570873854,truncated,none,
570873854,missing_begin,none,
570873854,empty_sender,exception,EmptyValueError
570873854,bad_body_length,message,
74818544,bad_checksum,message,
74818544,truncated,none,
74818544,missing_begin,none,
74818544,empty_sender,exception,EmptyValueError
74818544,bad_body_length,message,
329502563,bad_checksum,message,
329502563,truncated,none,
329502563,missing_begin,none,
329502563,empty_sender,exception,EmptyValueError
329502563,bad_body_length,message,
248867665,bad_checksum,message,
248867665,truncated,none,
248867665,missing_begin,none,
248867665,empty_sender,exception,EmptyValueError
248867665,bad_body_length,message,
278841051,bad_checksum,message,
278841051,truncated,none,
278841051,missing_begin,none,
278841051,empty_sender,exception,EmptyValueError
278841051,bad_body_length,message,
249504694,bad_checksum,message,
249504694,truncated,none,
249504694,missing_begin,none,
249504694,empty_sender,exception,EmptyValueError
249504694,bad_body_length,message,
264424592,bad_checksum,message,
264424592,truncated,none,
264424592,missing_begin,none,
264424592,empty_sender,exception,EmptyValueError
264424592,bad_body_length,message,
303505568,bad_checksum,message,
303505568,truncated,none,
303505568,missing_begin,none,
303505568,empty_sender,exception,EmptyValueError
303505568,bad_body_length,message,
170058461,bad_checksum,message,
170058461,truncated,none,
170058461,missing_begin,none,
170058461,empty_sender,exception,EmptyValueError
170058461,bad_body_length,message,
666413540,bad_checksum,message,
666413540,truncated,none,
666413540,missing_begin,none,
666413540,empty_sender,exception,EmptyValueError
666413540,bad_body_length,message,
473509401,bad_checksum,message,
473509401,truncated,none,
473509401,missing_begin,none,
473509401,empty_sender,exception,EmptyValueError
473509401,bad_body_length,message,
181348375,bad_checksum,message,
181348375,truncated,none,
181348375,missing_begin,none,
181348375,empty_sender,exception,EmptyValueError
181348375,bad_body_length,message,
211651856,bad_checksum,message,
211651856,truncated,none,
211651856,missing_begin,none,
211651856,empty_sender,exception,EmptyValueError
211651856,bad_body_length,message,
29878884,bad_checksum,message,
29878884,truncated,none,
29878884,missing_begin,none,
29878884,empty_sender,exception,EmptyValueError
29878884,bad_body_length,message,
451945487,bad_checksum,message,
451945487,truncated,none,
451945487,missing_begin,none,
451945487,empty_sender,exception,EmptyValueError
451945487,bad_body_length,message,
502785788,bad_checksum,message,
502785788,truncated,none,
502785788,missing_begin,none,
502785788,empty_sender,exception,EmptyValueError
502785788,bad_body_length,message,
56226595,bad_checksum,message,
56226595,truncated,none,
56226595,missing_begin,none,
56226595,empty_sender,exception,EmptyValueError
56226595,bad_body_length,message,
73131643,bad_checksum,message,
73131643,truncated,none,
73131643,missing_begin,none,
73131643,empty_sender,exception,EmptyValueError
73131643,bad_body_length,message,
100909178,bad_checksum,message,
100909178,truncated,none,
100909178,missing_begin,none,
100909178,empty_sender,exception,EmptyValueError
100909178,bad_body_length,message,
690849868,bad_checksum,message,
690849868,truncated,none,
690849868,missing_begin,none,
690849868,empty_sender,exception,EmptyValueError
690849868,bad_body_length,message,
134997416,bad_checksum,message,
134997416,truncated,none,
134997416,missing_begin,none,
134997416,empty_sender,exception,EmptyValueError
134997416,bad_body_length,message,
695376732,bad_checksum,message,
695376732,truncated,none,
695376732,missing_begin,none,
695376732,empty_sender,exception,EmptyValueError
695376732,bad_body_length,message,
457508825,bad_checksum,message,
457508825,truncated,none,
457508825,missing_begin,none,
457508825,empty_sender,exception,EmptyValueError
457508825,bad_body_length,message,
84059324,bad_checksum,message,
84059324,truncated,none,
84059324,missing_begin,none,
84059324,empty_sender,exception,EmptyValueError
84059324,bad_body_length,message,
460684785,bad_checksum,message,
460684785,truncated,none,
460684785,missing_begin,none,
460684785,empty_sender,exception,EmptyValueError
460684785,bad_body_length,message,
173885390,bad_checksum,message,
173885390,truncated,none,
173885390,missing_begin,none,
173885390,empty_sender,exception,EmptyValueError
173885390,bad_body_length,message,
132384842,bad_checksum,message,
132384842,truncated,none,
132384842,missing_begin,none,
132384842,empty_sender,exception,EmptyValueError
132384842,bad_body_length,message,
592585815,bad_checksum,message,
592585815,truncated,none,
592585815,missing_begin,none,
592585815,empty_sender,exception,EmptyValueError
592585815,bad_body_length,message,
630329059,bad_checksum,message,
630329059,truncated,none,
630329059,missing_begin,none,
630329059,empty_sender,exception,EmptyValueError
630329059,bad_body_length,message,
651829779,bad_checksum,message,
651829779,truncated,none,
651829779,missing_begin,none,
651829779,empty_sender,exception,EmptyValueError
651829779,bad_body_length,message,
699071489,bad_checksum,message,
699071489,truncated,none,
699071489,missing_begin,none,
699071489,empty_sender,exception,EmptyValueError
699071489,bad_body_length,message,
247793648,bad_checksum,message,
247793648,truncated,none,
247793648,missing_begin,none,
247793648,empty_sender,exception,EmptyValueError
247793648,bad_body_length,message,
673154353,bad_checksum,message,
673154353,truncated,none,
673154353,missing_begin,none,
673154353,empty_sender,exception,EmptyValueError
673154353,bad_body_length,message,
652168505,bad_checksum,message,
652168505,truncated,none,
652168505,missing_begin,none,
652168505,empty_sender,exception,EmptyValueError
652168505,bad_body_length,message,
87885572,bad_checksum,message,
87885572,truncated,none,
87885572,missing_begin,none,
87885572,empty_sender,exception,EmptyValueError
87885572,bad_body_length,message,
689498316,bad_checksum,message,
689498316,truncated,none,
689498316,missing_begin,none,
689498316,empty_sender,exception,EmptyValueError
689498316,bad_body_length,message,
436989299,bad_checksum,message,
436989299,truncated,none,
436989299,missing_begin,none,
436989299,empty_sender,exception,EmptyValueError
436989299,bad_body_length,message,
399339052,bad_checksum,message,
399339052,truncated,none,
399339052,missing_begin,none,
399339052,empty_sender,exception,EmptyValueError
399339052,bad_body_length,message,
148675112,bad_checksum,message,
148675112,truncated,none,
148675112,missing_begin,none,
148675112,empty_sender,exception,EmptyValueError
148675112,bad_body_length,message,
421448988,bad_checksum,message,
421448988,truncated,none,
421448988,missing_begin,none,
421448988,empty_sender,exception,EmptyValueError
421448988,bad_body_length,message,
62105182,bad_checksum,message,
62105182,truncated,none,
62105182,missing_begin,none,
62105182,empty_sender,exception,EmptyValueError
62105182,bad_body_length,message,
285709410,bad_checksum,message,
285709410,truncated,none,
285709410,missing_begin,none,
285709410,empty_sender,exception,EmptyValueError
285709410,bad_body_length,message,
210947394,bad_checksum,message,
210947394,truncated,none,
210947394,missing_begin,none,
210947394,empty_sender,exception,EmptyValueError
210947394,bad_body_length,message,
304541763,bad_checksum,message,
304541763,truncated,none,
304541763,missing_begin,none,
304541763,empty_sender,exception,EmptyValueError
304541763,bad_body_length,message,
326049906,bad_checksum,message,
326049906,truncated,none,
326049906,missing_begin,none,
326049906,empty_sender,exception,EmptyValueError
326049906,bad_body_length,message,
382352460,bad_checksum,message,
382352460,truncated,none,
382352460,missing_begin,none,
382352460,empty_sender,exception,EmptyValueError
382352460,bad_body_length,message,
147171820,bad_checksum,message,
147171820,truncated,none,
147171820,missing_begin,none,
147171820,empty_sender,exception,EmptyValueError
147171820,bad_body_length,message,
44022436,bad_checksum,message,
44022436,truncated,none,
44022436,missing_begin,none,
44022436,empty_sender,exception,EmptyValueError
44022436,bad_body_length,message,
329582525,bad_checksum,message,
329582525,truncated,none,
329582525,missing_begin,none,
329582525,empty_sender,exception,EmptyValueError
329582525,bad_body_length,message,
602307489,bad_checksum,message,
602307489,truncated,none,
602307489,missing_begin,none,
602307489,empty_sender,exception,EmptyValueError
602307489,bad_body_length,message,
286107984,bad_checksum,message,
286107984,truncated,none,
286107984,missing_begin,none,
286107984,empty_sender,exception,EmptyValueError
286107984,bad_body_length,message,
615387843,bad_checksum,message,
615387843,truncated,none,
615387843,missing_begin,none,
615387843,empty_sender,exception,EmptyValueError
615387843,bad_body_length,message,
354883290,bad_checksum,message,
354883290,truncated,none,
354883290,missing_begin,none,
354883290,empty_sender,exception,EmptyValueError
354883290,bad_body_length,message,
250978167,bad_checksum,message,
250978167,truncated,none,
250978167,missing_begin,none,
250978167,empty_sender,exception,EmptyValueError
250978167,bad_body_length,message,
390271801,bad_checksum,message,
390271801,truncated,none,
390271801,missing_begin,none,
390271801,empty_sender,exception,EmptyValueError
390271801,bad_body_length,message,
704836017,bad_checksum,message,
704836017,truncated,none,
704836017,missing_begin,none,
704836017,empty_sender,exception,EmptyValueError
704836017,bad_body_length,message,
403314205,bad_checksum,message,
403314205,truncated,none,
403314205,missing_begin,none,
403314205,empty_sender,exception,EmptyValueError
403314205,bad_body_length,message,
529075541,bad_checksum,message,
529075541,truncated,none,
529075541,missing_begin,none,
529075541,empty_sender,exception,EmptyValueError
529075541,bad_body_length,message,
531432844,bad_checksum,message,
531432844,truncated,none,
531432844,missing_begin,none,
531432844,empty_sender,exception,EmptyValueError
531432844,bad_body_length,message,
439980228,bad_checksum,message,
439980228,truncated,none,
439980228,missing_begin,none,
439980228,empty_sender,exception,EmptyValueError
439980228,bad_body_length,message,
520366219,bad_checksum,message,
520366219,truncated,none,
520366219,missing_begin,none,
520366219,empty_sender,exception,EmptyValueError
520366219,bad_body_length,message,
460000607,bad_checksum,message,
460000607,truncated,none,
460000607,missing_begin,none,
460000607,empty_sender,exception,EmptyValueError
460000607,bad_body_length,message,
432177844,bad_checksum,message,
432177844,truncated,none,
432177844,missing_begin,none,
432177844,empty_sender,exception,EmptyValueError
432177844,bad_body_length,message,
610899107,bad_checksum,message,
610899107,truncated,none,
610899107,missing_begin,none,
610899107,empty_sender,exception,EmptyValueError
610899107,bad_body_length,message,
84444047,bad_checksum,message,
84444047,truncated,none,
84444047,missing_begin,none,
84444047,empty_sender,exception,EmptyValueError
84444047,bad_body_length,message,
654772033,bad_checksum,message,
654772033,truncated,none,
654772033,missing_begin,none,
654772033,empty_sender,exception,EmptyValueError
654772033,bad_body_length,message,
375686380,bad_checksum,message,
375686380,truncated,none,
375686380,missing_begin,none,
375686380,empty_sender,exception,EmptyValueError
375686380,bad_body_length,message,
417548941,bad_checksum,message,
417548941,truncated,none,
417548941,missing_begin,none,
417548941,empty_sender,exception,EmptyValueError
417548941,bad_body_length,message,
230379783,bad_checksum,message,
230379783,truncated,none,
230379783,missing_begin,none,
230379783,empty_sender,exception,EmptyValueError
230379783,bad_body_length,message,
47850290,bad_checksum,message,
47850290,truncated,none,
47850290,missing_begin,none,
47850290,empty_sender,exception,EmptyValueError
47850290,bad_body_length,message,
552646612,bad_checksum,message,
552646612,truncated,none,
552646612,missing_begin,none,
552646612,empty_sender,exception,EmptyValueError
552646612,bad_body_length,message,
162163549,bad_checksum,message,
162163549,truncated,none,
162163549,missing_begin,none,
162163549,empty_sender,exception,EmptyValueError
162163549,bad_body_length,message,
660761103,bad_checksum,message,
660761103,truncated,none,
660761103,missing_begin,none,
660761103,empty_sender,exception,EmptyValueError
660761103,bad_body_length,message,
715967155,bad_checksum,message,
715967155,truncated,none,
715967155,missing_begin,none,
715967155,empty_sender,exception,EmptyValueError
715967155,bad_body_length,message,
563918830,bad_checksum,message,
563918830,truncated,none,
563918830,missing_begin,none,
563918830,empty_sender,exception,EmptyValueError
563918830,bad_body_length,message,
632313741,bad_checksum,message,
632313741,truncated,none,
632313741,missing_begin,none,
632313741,empty_sender,exception,EmptyValueError
632313741,bad_body_length,message,
464572848,bad_checksum,message,
464572848,truncated,none,
464572848,missing_begin,none,
464572848,empty_sender,exception,EmptyValueError
464572848,bad_body_length,message,
563651081,bad_checksum,message,
563651081,truncated,none,
563651081,missing_begin,none,
563651081,empty_sender,exception,EmptyValueError
563651081,bad_body_length,message,
221747303,bad_checksum,message,
221747303,truncated,none,
221747303,missing_begin,none,
221747303,empty_sender,exception,EmptyValueError
221747303,bad_body_length,message,
631174097,bad_checksum,message,
631174097,truncated,none,
631174097,missing_begin,none,
631174097,empty_sender,exception,EmptyValueError
631174097,bad_body_length,message,
263432645,bad_checksum,message,
263432645,truncated,none,
263432645,missing_begin,none,
263432645,empty_sender,exception,EmptyValueError
263432645,bad_body_length,message,
308551463,bad_checksum,message,
308551463,truncated,none,
308551463,missing_begin,none,
308551463,empty_sender,exception,EmptyValueError
308551463,bad_body_length,message,
415761937,bad_checksum,message,
415761937,truncated,none,
415761937,missing_begin,none,
415761937,empty_sender,exception,EmptyValueError
415761937,bad_body_length,message,
352903692,bad_checksum,message,
352903692,truncated,none,
352903692,missing_begin,none,
352903692,empty_sender,exception,EmptyValueError
352903692,bad_body_length,message,
624638648,bad_checksum,message,
624638648,truncated,none,
624638648,missing_begin,none,
624638648,empty_sender,exception,EmptyValueError
624638648,bad_body_length,message,
3102244,bad_checksum,message,
3102244,truncated,none,
3102244,missing_begin,none,
3102244,empty_sender,exception,EmptyValueError
3102244,bad_body_length,message,
302724925,bad_checksum,message,
302724925,truncated,none,
302724925,missing_begin,none,
302724925,empty_sender,exception,EmptyValueError
302724925,bad_body_length,message,
377415518,bad_checksum,message,
377415518,truncated,none,
377415518,missing_begin,none,
377415518,empty_sender,exception,EmptyValueError
377415518,bad_body_length,message,
98130355,bad_checksum,message,
98130355,truncated,none,
98130355,missing_begin,none,
98130355,empty_sender,exception,EmptyValueError
98130355,bad_body_length,message,
152429508,bad_checksum,message,
152429508,truncated,none,
152429508,missing_begin,none,
152429508,empty_sender,exception,EmptyValueError
152429508,bad_body_length,message,
118190835,bad_checksum,message,
118190835,truncated,none,
118190835,missing_begin,none,
118190835,empty_sender,exception,EmptyValueError
118190835,bad_body_length,message,
398870123,bad_checksum,message,
398870123,truncated,none,
398870123,missing_begin,none,
398870123,empty_sender,exception,EmptyValueError
398870123,bad_body_length,message,
448799705,bad_checksum,message,
448799705,truncated,none,
448799705,missing_begin,none,
448799705,empty_sender,exception,EmptyValueError
448799705,bad_body_length,message,
310849694,bad_checksum,message,
310849694,truncated,none,
310849694,missing_begin,none,
310849694,empty_sender,exception,EmptyValueError
310849694,bad_body_length,message,
415849087,bad_checksum,message,
415849087,truncated,none,
415849087,missing_begin,none,
415849087,empty_sender,exception,EmptyValueError
415849087,bad_body_length,message,
433600565,bad_checksum,message,
433600565,truncated,none,
433600565,missing_begin,none,
433600565,empty_sender,exception,EmptyValueError
433600565,bad_body_length,message,
209007401,bad_checksum,message,
209007401,truncated,none,
209007401,missing_begin,none,
209007401,empty_sender,exception,EmptyValueError
209007401,bad_body_length,message,
591062519,bad_checksum,message,
591062519,truncated,none,
591062519,missing_begin,none,
591062519,empty_sender,exception,EmptyValueError
591062519,bad_body_length,message,
354104939,bad_checksum,message,
354104939,truncated,none,
354104939,missing_begin,none,
354104939,empty_sender,exception,EmptyValueError
354104939,bad_body_length,message,
546235736,bad_checksum,message,
546235736,truncated,none,
546235736,missing_begin,none,
546235736,empty_sender,exception,EmptyValueError
546235736,bad_body_length,message,
117275027,bad_checksum,message,
117275027,truncated,none,
117275027,missing_begin,none,
117275027,empty_sender,exception,EmptyValueError
117275027,bad_body_length,message,
664849205,bad_checksum,message,
664849205,truncated,none,
664849205,missing_begin,none,
664849205,empty_sender,exception,EmptyValueError
664849205,bad_body_length,message,
566413385,bad_checksum,message,
566413385,truncated,none,
566413385,missing_begin,none,
566413385,empty_sender,exception,EmptyValueError
566413385,bad_body_length,message,
130757343,bad_checksum,message,
130757343,truncated,none,
130757343,missing_begin,none,
130757343,empty_sender,exception,EmptyValueError
130757343,bad_body_length,message,
439675515,bad_checksum,message,
439675515,truncated,none,
439675515,missing_begin,none,
439675515,empty_sender,exception,EmptyValueError
439675515,bad_body_length,message,
530411390,bad_checksum,message,
530411390,truncated,none,
530411390,missing_begin,none,
530411390,empty_sender,exception,EmptyValueError
530411390,bad_body_length,message,
718583305,bad_checksum,message,
718583305,truncated,none,
718583305,missing_begin,none,
718583305,empty_sender,exception,EmptyValueError
718583305,bad_body_length,message,
510969652,bad_checksum,message,
510969652,truncated,none,
510969652,missing_begin,none,
510969652,empty_sender,exception,EmptyValueError
510969652,bad_body_length,message,
290654303,bad_checksum,message,
290654303,truncated,none,
290654303,missing_begin,none,
290654303,empty_sender,exception,EmptyValueError
290654303,bad_body_length,message,
401530394,bad_checksum,message,
401530394,truncated,none,
401530394,missing_begin,none,
401530394,empty_sender,exception,EmptyValueError
401530394,bad_body_length,message,
318357314,bad_checksum,message,
318357314,truncated,none,
318357314,missing_begin,none,
318357314,empty_sender,exception,EmptyValueError
318357314,bad_body_length,message,
713555976,bad_checksum,message,
713555976,truncated,none,
713555976,missing_begin,none,
713555976,empty_sender,exception,EmptyValueError
713555976,bad_body_length,message,
577863399,bad_checksum,message,
577863399,truncated,none,
577863399,missing_begin,none,
577863399,empty_sender,exception,EmptyValueError
577863399,bad_body_length,message,
625979568,bad_checksum,message,
625979568,truncated,none,
625979568,missing_begin,none,
625979568,empty_sender,exception,EmptyValueError
625979568,bad_body_length,message,
642976129,bad_checksum,message,
642976129,truncated,none,
642976129,missing_begin,none,
642976129,empty_sender,exception,EmptyValueError
642976129,bad_body_length,message,
645862255,bad_checksum,message,
645862255,truncated,none,
645862255,missing_begin,none,
645862255,empty_sender,exception,EmptyValueError
645862255,bad_body_length,message,
186109131,bad_checksum,message,
186109131,truncated,none,
186109131,missing_begin,none,
186109131,empty_sender,exception,EmptyValueError
186109131,bad_body_length,message,
656274316,bad_checksum,message,
656274316,truncated,none,
656274316,missing_begin,none,
656274316,empty_sender,exception,EmptyValueError
656274316,bad_body_length,message,
36323065,bad_checksum,message,
36323065,truncated,none,
36323065,missing_begin,none,
36323065,empty_sender,exception,EmptyValueError
36323065,bad_body_length,message,
426403244,bad_checksum,message,
426403244,truncated,none,
426403244,missing_begin,none,
426403244,empty_sender,exception,EmptyValueError
426403244,bad_body_length,message,
346229746,bad_checksum,message,
346229746,truncated,none,
346229746,missing_begin,none,
346229746,empty_sender,exception,EmptyValueError
346229746,bad_body_length,message,
99381891,bad_checksum,message,
99381891,truncated,none,
99381891,missing_begin,none,
99381891,empty_sender,exception,EmptyValueError
99381891,bad_body_length,message,
444383224,bad_checksum,message,
444383224,truncated,none,
444383224,missing_begin,none,
444383224,empty_sender,exception,EmptyValueError
444383224,bad_body_length,message,
702667439,bad_checksum,message,
702667439,truncated,none,
702667439,missing_begin,none,
702667439,empty_sender,exception,EmptyValueError
702667439,bad_body_length,message,
549843370,bad_checksum,message,
549843370,truncated,none,
549843370,missing_begin,none,
549843370,empty_sender,exception,EmptyValueError
549843370,bad_body_length,message,
38751144,bad_checksum,message,
38751144,truncated,none,
38751144,missing_begin,none,
38751144,empty_sender,exception,EmptyValueError
38751144,bad_body_length,message,
48008010,bad_checksum,message,
48008010,truncated,none,
48008010,missing_begin,none,
48008010,empty_sender,exception,EmptyValueError
48008010,bad_body_length,message,
134011911,bad_checksum,message,
134011911,truncated,none,
134011911,missing_begin,none,
134011911,empty_sender,exception,EmptyValueError
134011911,bad_body_length,message,
85388295,bad_checksum,message,
85388295,truncated,none,
85388295,missing_begin,none,
85388295,empty_sender,exception,EmptyValueError
85388295,bad_body_length,message,
324119026,bad_checksum,message,
324119026,truncated,none,
324119026,missing_begin,none,
324119026,empty_sender,exception,EmptyValueError
324119026,bad_body_length,message,
659100708,bad_checksum,message,
659100708,truncated,none,
659100708,missing_begin,none,
659100708,empty_sender,exception,EmptyValueError
659100708,bad_body_length,message,
435190603,bad_checksum,message,
435190603,truncated,none,
435190603,missing_begin,none,
435190603,empty_sender,exception,EmptyValueError
435190603,bad_body_length,message,
118609404,bad_checksum,message,
118609404,truncated,none,
118609404,missing_begin,none,
118609404,empty_sender,exception,EmptyValueError
118609404,bad_body_length,message,
584693515,bad_checksum,message,
584693515,truncated,none,
584693515,missing_begin,none,
584693515,empty_sender,exception,EmptyValueError
584693515,bad_body_length,message,
618882233,bad_checksum,message,
618882233,truncated,none,
618882233,missing_begin,none,
618882233,empty_sender,exception,EmptyValueError
618882233,bad_body_length,message,
637178830,bad_checksum,message,
637178830,truncated,none,
637178830,missing_begin,none,
637178830,empty_sender,exception,EmptyValueError
637178830,bad_body_length,message,
715357637,bad_checksum,message,
715357637,truncated,none,
715357637,missing_begin,none,
715357637,empty_sender,exception,EmptyValueError
715357637,bad_body_length,message,
562227801,bad_checksum,message,
562227801,truncated,none,
562227801,missing_begin,none,
562227801,empty_sender,exception,EmptyValueError
562227801,bad_body_length,message,
651573068,bad_checksum,message,
651573068,truncated,none,
651573068,missing_begin,none,
651573068,empty_sender,exception,EmptyValueError
651573068,bad_body_length,message,
25003768,bad_checksum,message,
25003768,truncated,none,
25003768,missing_begin,none,
25003768,empty_sender,exception,EmptyValueError
25003768,bad_body_length,message,
138542276,bad_checksum,message,
138542276,truncated,none,
138542276,missing_begin,none,
138542276,empty_sender,exception,EmptyValueError
138542276,bad_body_length,message,
166885138,bad_checksum,message,
166885138,truncated,none,
166885138,missing_begin,none,
166885138,empty_sender,exception,EmptyValueError
166885138,bad_body_length,message,
470763005,bad_checksum,message,
470763005,truncated,none,
470763005,missing_begin,none,
470763005,empty_sender,exception,EmptyValueError
470763005,bad_body_length,message,
275823789,bad_checksum,message,
275823789,truncated,none,
275823789,missing_begin,none,
275823789,empty_sender,exception,EmptyValueError
275823789,bad_body_length,message,
310330762,bad_checksum,message,
310330762,truncated,none,
310330762,missing_begin,none,
310330762,empty_sender,exception,EmptyValueError
310330762,bad_body_length,message,
153998727,bad_checksum,message,
153998727,truncated,none,
153998727,missing_begin,none,
153998727,empty_sender,exception,EmptyValueError
153998727,bad_body_length,message,
454157184,bad_checksum,message,
454157184,truncated,none,
454157184,missing_begin,none,
454157184,empty_sender,exception,EmptyValueError
454157184,bad_body_length,message,
79487300,bad_checksum,message,
79487300,truncated,none,
79487300,missing_begin,none,
79487300,empty_sender,exception,EmptyValueError
79487300,bad_body_length,message,
602033128,bad_checksum,message,
602033128,truncated,none,
602033128,missing_begin,none,
602033128,empty_sender,exception,EmptyValueError
602033128,bad_body_length,message,
398908199,bad_checksum,message,
398908199,truncated,none,
398908199,missing_begin,none,
398908199,empty_sender,exception,EmptyValueError
398908199,bad_body_length,message,
679878867,bad_checksum,message,
679878867,truncated,none,
679878867,missing_begin,none,
679878867,empty_sender,exception,EmptyValueError
679878867,bad_body_length,message,
420466412,bad_checksum,message,
420466412,truncated,none,
420466412,missing_begin,none,
420466412,empty_sender,exception,EmptyValueError
420466412,bad_body_length,message,
552667151,bad_checksum,message,
552667151,truncated,none,
552667151,missing_begin,none,
552667151,empty_sender,exception,EmptyValueError
552667151,bad_body_length,message,
14375618,bad_checksum,message,
14375618,truncated,none,
14375618,missing_begin,none,
14375618,empty_sender,exception,EmptyValueError
14375618,bad_body_length,message,
