family,metric,comparator,orientation,pairs,wins,ties,losses,mean_oriented_difference,median_oriented_difference,median_ci_low,median_ci_high,rank_biserial,p_value,p_holm,significant_0_05
coverage,unique_rate,feat,positive_means_pdrs_better,300,0,300,0,0.0,0.0,0.0,0.0,0.0,1.0,1.0,False
bug_discovery,uniform_bugs,feat,positive_means_pdrs_better,300,81,156,63,0.81,0.0,0.0,0.0,0.19157088122605365,0.04406506114306202,0.22032530571531012,False
bug_discovery,rare_branch_bugs,feat,positive_means_pdrs_better,300,43,221,36,0.05333333333333334,0.0,0.0,0.0,0.0930379746835443,0.45884621756141264,0.9176924351228253,False
bug_discovery,boundary_bugs,feat,positive_means_pdrs_better,300,66,160,74,-0.11333333333333333,0.0,0.0,0.0,-0.12391084093211753,0.19446984667176048,0.7778793866870419,False
bug_discovery,clustered_bugs,feat,positive_means_pdrs_better,300,77,162,61,0.12666666666666668,0.0,0.0,0.0,0.1019705974350954,0.29429763808590803,0.8828929142577241,False
bug_discovery,interaction_bugs,feat,positive_means_pdrs_better,300,68,149,83,-0.006666666666666667,0.0,0.0,0.0,-0.036598117811084,0.6926767621228396,0.9176924351228253,False
first_bug,uniform_first,feat,positive_means_pdrs_better,300,87,127,86,0.4166666666666667,0.0,0.0,0.0,0.026177662613779816,0.7652230863848338,1.0,False
first_bug,rare_branch_first,feat,positive_means_pdrs_better,300,57,191,52,3.98,0.0,0.0,0.0,0.07489574645537948,0.49726106084051536,1.0,False
first_bug,boundary_first,feat,positive_means_pdrs_better,300,56,174,70,-5.943333333333333,0.0,0.0,0.0,-0.19247594050743658,0.06077982902316171,0.24311931609264684,False
first_bug,clustered_first,feat,positive_means_pdrs_better,300,101,147,52,4.426666666666667,0.0,0.0,0.0,0.2452253628724217,0.008498727482240492,0.05099236489344295,False
first_bug,interaction_first,feat,positive_means_pdrs_better,300,63,128,109,-22.816666666666666,0.0,0.0,0.0,-0.3620782363220863,3.811598652272901e-05,0.00034304387870456106,True
throughput_exploratory,source_objects_per_s,feat,positive_means_pdrs_better,300,0,0,300,-2587895.3076281976,-2678481.7998080235,-2697374.394567584,-2651905.686135459,-1.0,6.068353545970338e-51,3.034176772985169e-50,True
coverage,unique_rate,smallcheck,positive_means_pdrs_better,300,0,300,0,0.0,0.0,0.0,0.0,0.0,1.0,1.0,False
bug_discovery,uniform_bugs,smallcheck,positive_means_pdrs_better,300,148,58,94,1.5533333333333332,0.0,0.0,1.0,0.33231302928272627,6.515754950330964e-06,4.561028465231675e-05,True
bug_discovery,rare_branch_bugs,smallcheck,positive_means_pdrs_better,300,0,12,288,-12.156666666666666,-11.0,-12.0,-10.0,-1.0,4.894239156712954e-49,1.1256750060439795e-47,True
bug_discovery,boundary_bugs,smallcheck,positive_means_pdrs_better,300,0,3,297,-21.28,-22.0,-24.0,-21.5,-1.0,1.6632972347356668e-50,4.158243086839167e-49,True
bug_discovery,clustered_bugs,smallcheck,positive_means_pdrs_better,300,272,28,0,6.793333333333333,5.0,4.0,6.0,1.0,1.9652699671697912e-46,4.1270669310565615e-45,True
bug_discovery,interaction_bugs,smallcheck,positive_means_pdrs_better,300,36,28,236,-4.29,-3.0,-3.0,-2.0,-0.8625565610859729,3.9984215945697855e-35,6.397474551311657e-34,True
first_bug,uniform_first,smallcheck,positive_means_pdrs_better,300,149,12,139,-12.293333333333333,0.0,-3.5,8.0,-0.04858708189158016,0.4747673628542102,1.0,False
first_bug,rare_branch_first,smallcheck,positive_means_pdrs_better,300,3,0,297,-156.74666666666667,-93.0,-93.0,-84.0,-0.9991362126245847,7.10061725737871e-51,1.7041481417708903e-49,True
first_bug,boundary_first,smallcheck,positive_means_pdrs_better,300,0,6,294,-74.71333333333334,-52.5,-63.0,-40.0,-1.0,5.705958816872145e-50,1.2569159788250541e-48,True
first_bug,clustered_first,smallcheck,positive_means_pdrs_better,300,272,28,0,459.85,448.0,421.5,471.5,1.0,2.3167698576498808e-46,4.401862729534774e-45,True
first_bug,interaction_first,smallcheck,positive_means_pdrs_better,300,0,6,294,-86.99666666666667,-57.5,-68.0,-48.0,-1.0,5.464852081848061e-50,1.2569159788250541e-48,True
throughput_exploratory,source_objects_per_s,smallcheck,positive_means_pdrs_better,300,0,0,300,-492534801.03029734,-484383695.6141803,-509122705.3477276,-468392967.6416121,-1.0,6.068353545970338e-51,3.034176772985169e-50,True
coverage,unique_rate,hypothesis,positive_means_pdrs_better,300,0,300,0,0.0,0.0,0.0,0.0,0.0,1.0,1.0,False
bug_discovery,uniform_bugs,hypothesis,positive_means_pdrs_better,300,159,46,95,1.7866666666666666,1.0,0.0,1.0,0.3987648602748186,2.9195730313909036e-08,2.6276157282518134e-07,True
bug_discovery,rare_branch_bugs,hypothesis,positive_means_pdrs_better,300,4,15,281,-7.866666666666666,-6.0,-7.0,-5.0,-0.9961722488038277,3.03468480622357e-48,6.676306573691853e-47,True
bug_discovery,boundary_bugs,hypothesis,positive_means_pdrs_better,300,1,4,295,-11.75,-12.0,-13.0,-10.0,-0.9991582491582491,3.091523539213155e-50,7.419656494111571e-49,True
bug_discovery,clustered_bugs,hypothesis,positive_means_pdrs_better,300,169,50,81,1.14,1.0,1.0,1.0,0.418199203187251,8.251045050969083e-09,8.251045050969083e-08,True
bug_discovery,interaction_bugs,hypothesis,positive_means_pdrs_better,300,77,51,172,-1.0266666666666666,-1.0,-1.0,-1.0,-0.42782329317269074,3.813881932327094e-09,4.1952701255598034e-08,True
first_bug,uniform_first,hypothesis,positive_means_pdrs_better,300,166,10,124,12.903333333333334,8.0,0.0,21.0,0.174665244697239,0.009929057608803747,0.05099236489344295,False
first_bug,rare_branch_first,hypothesis,positive_means_pdrs_better,300,0,0,300,-156.45666666666668,-91.0,-99.0,-80.0,-1.0,5.942086072225966e-51,1.4855215180564914e-49,True
first_bug,boundary_first,hypothesis,positive_means_pdrs_better,300,0,6,294,-74.71333333333334,-52.5,-63.0,-40.0,-1.0,5.705958816872145e-50,1.2569159788250541e-48,True
first_bug,clustered_first,hypothesis,positive_means_pdrs_better,300,188,15,97,39.41,36.0,18.0,47.0,0.3827015090172985,2.1405264740622167e-08,2.3545791214684384e-07,True
first_bug,interaction_first,hypothesis,positive_means_pdrs_better,300,0,6,294,-86.99666666666667,-57.5,-68.0,-48.0,-1.0,5.464852081848061e-50,1.2569159788250541e-48,True
throughput_exploratory,source_objects_per_s,hypothesis,positive_means_pdrs_better,300,300,0,0,299070.85559527815,306333.44570145686,305532.54309751326,307521.8819867723,1.0,6.068353545970338e-51,3.034176772985169e-50,True
coverage,unique_rate,grammarinator,positive_means_pdrs_better,300,0,300,0,0.0,0.0,0.0,0.0,0.0,1.0,1.0,False
bug_discovery,uniform_bugs,grammarinator,positive_means_pdrs_better,300,149,60,91,1.6366666666666667,0.0,0.0,1.0,0.35560165975103736,1.5698915287081998e-06,1.2559132229665598e-05,True
bug_discovery,rare_branch_bugs,grammarinator,positive_means_pdrs_better,300,17,19,264,-7.61,-5.0,-7.0,-4.0,-0.9388960399787991,1.729755456721904e-42,3.459510913443808e-41,True
bug_discovery,boundary_bugs,grammarinator,positive_means_pdrs_better,300,31,20,249,-8.57,-7.0,-9.0,-5.0,-0.9259532282663955,3.6845309832096295e-41,7.000608868098296e-40,True
bug_discovery,clustered_bugs,grammarinator,positive_means_pdrs_better,300,174,52,74,1.6066666666666667,1.0,1.0,1.5,0.5688560694390465,5.7908768605625924e-15,7.52813991873137e-14,True
bug_discovery,interaction_bugs,grammarinator,positive_means_pdrs_better,300,95,48,157,-0.7633333333333333,-1.0,-1.0,0.0,-0.2902942468159859,5.731700043532441e-05,0.00034390200261194645,True
first_bug,uniform_first,grammarinator,positive_means_pdrs_better,300,166,13,121,21.106666666666666,10.0,0.0,15.0,0.1884194734804491,0.005658829019398431,0.03961180313578902,True
first_bug,rare_branch_first,grammarinator,positive_means_pdrs_better,300,27,0,273,-144.80666666666667,-86.0,-94.0,-70.0,-0.8873311184939092,1.7377030490330798e-40,3.127865488259544e-39,True
first_bug,boundary_first,grammarinator,positive_means_pdrs_better,300,56,10,234,-52.78333333333333,-30.5,-40.0,-21.0,-0.6755302760990639,2.0300311974270797e-23,3.0450467961406195e-22,True
first_bug,clustered_first,grammarinator,positive_means_pdrs_better,300,183,13,104,42.20333333333333,26.0,13.0,32.5,0.3992692605497484,4.5425270137097695e-09,5.9052851178227e-08,True
first_bug,interaction_first,grammarinator,positive_means_pdrs_better,300,97,12,191,-36.5,-15.5,-23.0,-8.0,-0.39828431372549017,4.661480393365831e-09,5.9052851178227e-08,True
throughput_exploratory,source_objects_per_s,grammarinator,positive_means_pdrs_better,300,300,0,0,298894.49839220924,306179.4042055873,305396.5427363478,307687.03762085986,1.0,6.068353545970338e-51,3.034176772985169e-50,True
coverage,unique_rate,quickcheck,positive_means_pdrs_better,300,299,1,0,0.34202,0.33199999999999996,0.31000000000000005,0.372,1.0,8.839574627970395e-51,4.419787313985198e-50,True
bug_discovery,uniform_bugs,quickcheck,positive_means_pdrs_better,300,222,36,42,5.16,3.0,2.0,3.0,0.8545740423098913,1.5777256800003105e-33,2.366588520000466e-32,True
bug_discovery,rare_branch_bugs,quickcheck,positive_means_pdrs_better,300,30,20,250,-6.58,-4.0,-6.0,-2.0,-0.8602694458566345,7.785264550281189e-36,1.323494973547802e-34,True
bug_discovery,boundary_bugs,quickcheck,positive_means_pdrs_better,300,71,12,217,-4.386666666666667,-4.0,-5.0,-4.0,-0.5938821607074202,2.2972185269886913e-18,3.2161059377841676e-17,True
bug_discovery,clustered_bugs,quickcheck,positive_means_pdrs_better,300,232,33,35,5.306666666666667,3.0,2.0,4.0,0.8885348538207837,1.836685271311393e-36,3.3060334883605074e-35,True
bug_discovery,interaction_bugs,quickcheck,positive_means_pdrs_better,300,165,38,97,2.783333333333333,1.0,0.0,2.0,0.49992743737845763,1.923619104777683e-12,2.3083429257332197e-11,True
first_bug,uniform_first,quickcheck,positive_means_pdrs_better,300,172,14,114,31.313333333333333,9.0,2.0,16.0,0.21836699885480373,0.001369055856846549,0.010952446854772393,True
first_bug,rare_branch_first,quickcheck,positive_means_pdrs_better,300,33,4,263,-142.82,-89.0,-95.0,-69.0,-0.8762626262626263,5.0465514938540534e-39,8.579137539551891e-38,True
first_bug,boundary_first,quickcheck,positive_means_pdrs_better,300,66,3,231,-57.13333333333333,-33.5,-43.5,-24.0,-0.7232278037647165,3.304369627699069e-27,5.28699140431851e-26,True
first_bug,clustered_first,quickcheck,positive_means_pdrs_better,300,208,13,79,101.64333333333333,54.0,44.48750000000001,64.5,0.5963269454123112,2.0092558134083293e-18,2.812958138771661e-17,True
first_bug,interaction_first,quickcheck,positive_means_pdrs_better,300,99,14,187,-30.916666666666668,-12.0,-19.0,-6.0,-0.31514826636777854,3.84056351360995e-06,3.8405635136099505e-05,True
throughput_exploratory,source_objects_per_s,quickcheck,positive_means_pdrs_better,300,0,0,300,-4713639.946726037,-4663061.099961836,-4834010.087850058,-4605531.692117655,-1.0,6.068353545970338e-51,3.034176772985169e-50,True
uniformity,object_total_variation,feat,positive_means_pdrs_better,15,0,15,0,-1.8503717077085942e-18,0.0,0.0,0.0,0.0,1.0,1.0,False
uniformity,branch_total_variation,feat,positive_means_pdrs_better,15,3,7,5,-0.0004410587372732529,0.0,-0.0014358974358974416,0.0,-0.4444444444444444,0.3125,0.625,False
uniformity,object_total_variation,smallcheck,positive_means_pdrs_better,15,15,0,0,0.4979250663412783,0.5361757105943152,0.4645406546080966,0.6117482014388488,1.0,6.103515625e-05,0.0006103515625,True
uniformity,branch_total_variation,smallcheck,positive_means_pdrs_better,15,12,3,0,0.26740499834433074,0.26546666666666663,0.09651151079136691,0.46399999999999997,1.0,0.00048828125,0.00341796875,True
uniformity,object_total_variation,hypothesis,positive_means_pdrs_better,15,15,0,0,0.20723413137898522,0.21953944020356236,0.1844467625899281,0.2779390180878553,1.0,6.103515625e-05,0.0006103515625,True
uniformity,branch_total_variation,hypothesis,positive_means_pdrs_better,15,12,3,0,0.18319163108394057,0.15389806201550388,0.09651151079136691,0.26526666666666665,1.0,0.00048828125,0.00341796875,True
uniformity,object_total_variation,grammarinator,positive_means_pdrs_better,15,13,0,2,0.10095146561201043,0.07940521628498731,0.04860575539568346,0.15303397435897434,0.8833333333333333,0.00115966796875,0.00347900390625,True
uniformity,branch_total_variation,grammarinator,positive_means_pdrs_better,15,12,3,0,0.2298116650109974,0.24686666666666665,0.09651151079136691,0.3645,1.0,0.00048828125,0.00341796875,True
uniformity,object_total_variation,quickcheck,positive_means_pdrs_better,15,15,0,0,0.31289421256153316,0.3110530534351145,0.20432692307692313,0.4621322136089578,1.0,6.103515625e-05,0.0006103515625,True
uniformity,branch_total_variation,quickcheck,positive_means_pdrs_better,15,12,3,0,0.4662282977506073,0.5672666666666666,0.4667432569974555,0.635,1.0,0.00048828125,0.00341796875,True
parallel_overlap,overlap_fraction,feat,positive_means_pdrs_better,5,0,5,0,0.0,0.0,0.0,0.0,0.0,1.0,1.0,False
parallel_overlap,overlap_fraction,smallcheck,positive_means_pdrs_better,5,0,5,0,0.0,0.0,0.0,0.0,0.0,1.0,1.0,False
parallel_overlap,overlap_fraction,hypothesis,positive_means_pdrs_better,5,5,0,0,0.4387,0.4525,0.2745,0.561,1.0,0.0625,0.3125,False
parallel_overlap,overlap_fraction,grammarinator,positive_means_pdrs_better,5,5,0,0,0.3742,0.373,0.241,0.516,1.0,0.0625,0.3125,False
parallel_overlap,overlap_fraction,quickcheck,positive_means_pdrs_better,5,5,0,0,0.3200130566705115,0.2932330827067669,0.23542116630669546,0.40668523676880225,1.0,0.0625,0.3125,False
exact_throughput_exploratory,objects_per_s,feat,positive_means_pdrs_better,5,0,0,5,-1369953.4155354307,-1650952.2863930175,-1710918.0582224536,-484418.08049797453,-1.0,0.0625,0.125,False
exact_throughput_exploratory,objects_per_s,smallcheck,positive_means_pdrs_better,5,5,0,0,326254.053408642,320366.2016778036,222153.0791603816,419060.92995731125,1.0,0.0625,0.125,False
