repetition,method,attempts,valid,validity_rate,unique,unique_rate,duplicates,root_branches,nodes_covered,bugs_found,first_bug_attempt
0,pdrs_without_replacement,3500,3500,1.0,3500,1.0,0,3,10,64,1
0,direct_grammar,3500,3500,1.0,1702,0.48628571428571427,1798,4,10,7,986
0,naive_rejection,3500,618,0.17657142857142857,319,0.5161812297734628,299,4,9,0,3501
0,mutation,3500,2303,0.658,756,0.3282674772036474,1547,2,6,1,2728
1,pdrs_without_replacement,3500,3500,1.0,3500,1.0,0,4,10,12,294
1,direct_grammar,3500,3500,1.0,1740,0.49714285714285716,1760,4,10,10,54
1,naive_rejection,3500,625,0.17857142857142858,322,0.5152,303,4,10,3,18
1,mutation,3500,2340,0.6685714285714286,823,0.35170940170940174,1517,2,6,5,369
2,pdrs_without_replacement,3500,3500,1.0,3500,1.0,0,4,10,20,145
2,direct_grammar,3500,3500,1.0,1714,0.4897142857142857,1786,4,10,8,445
2,naive_rejection,3500,692,0.1977142857142857,344,0.49710982658959535,348,4,10,4,20
2,mutation,3500,2284,0.6525714285714286,761,0.3331873905429072,1523,2,6,4,1066
3,pdrs_without_replacement,3500,3500,1.0,3500,1.0,0,3,10,21,121
3,direct_grammar,3500,3500,1.0,1688,0.48228571428571426,1812,4,10,7,8
3,naive_rejection,3500,668,0.19085714285714286,335,0.5014970059880239,333,4,10,2,2582
3,mutation,3500,2275,0.65,791,0.3476923076923077,1484,2,6,0,3501
4,pdrs_without_replacement,3500,3500,1.0,3500,1.0,0,3,10,18,79
4,direct_grammar,3500,3500,1.0,1730,0.4942857142857143,1770,4,10,8,7
4,naive_rejection,3500,634,0.18114285714285713,335,0.5283911671924291,299,4,10,1,2406
4,mutation,3500,2291,0.6545714285714286,771,0.336534264513313,1520,2,6,2,755
5,pdrs_without_replacement,3500,3500,1.0,3500,1.0,0,4,10,23,241
5,direct_grammar,3500,3500,1.0,1714,0.4897142857142857,1786,4,10,10,653
5,naive_rejection,3500,647,0.18485714285714286,328,0.5069551777434312,319,4,10,3,84
5,mutation,3500,2256,0.6445714285714286,766,0.3395390070921986,1490,2,6,5,79
6,pdrs_without_replacement,3500,3500,1.0,3500,1.0,0,3,10,25,123
6,direct_grammar,3500,3500,1.0,1728,0.4937142857142857,1772,4,10,9,339
6,naive_rejection,3500,671,0.19171428571428573,372,0.5543964232488823,299,4,9,2,11
6,mutation,3500,2261,0.646,757,0.3348076072534277,1504,2,6,2,2300
7,pdrs_without_replacement,3500,3500,1.0,3500,1.0,0,3,10,26,47
7,direct_grammar,3500,3500,1.0,1743,0.498,1757,4,10,11,293
7,naive_rejection,3500,660,0.18857142857142858,348,0.5272727272727272,312,4,10,1,1235
7,mutation,3500,2302,0.6577142857142857,775,0.3366637706342311,1527,2,6,1,3459
8,pdrs_without_replacement,3500,3500,1.0,3500,1.0,0,3,10,22,62
8,direct_grammar,3500,3500,1.0,1725,0.4928571428571429,1775,4,10,8,113
8,naive_rejection,3500,654,0.18685714285714286,324,0.4954128440366973,330,4,9,3,342
8,mutation,3500,2237,0.6391428571428571,807,0.3607510058113545,1430,2,6,2,768
9,pdrs_without_replacement,3500,3500,1.0,3500,1.0,0,4,10,22,230
9,direct_grammar,3500,3500,1.0,1726,0.49314285714285716,1774,4,10,8,758
9,naive_rejection,3500,693,0.198,353,0.5093795093795094,340,4,9,3,875
9,mutation,3500,2272,0.6491428571428571,757,0.3331866197183099,1515,2,6,1,3137
10,pdrs_without_replacement,3500,3500,1.0,3500,1.0,0,3,10,17,43
10,direct_grammar,3500,3500,1.0,1760,0.5028571428571429,1740,4,10,7,150
10,naive_rejection,3500,618,0.17657142857142857,344,0.5566343042071198,274,4,10,1,137
10,mutation,3500,2273,0.6494285714285715,780,0.34315882094148703,1493,2,6,2,507
11,pdrs_without_replacement,3500,3500,1.0,3500,1.0,0,4,9,23,51
11,direct_grammar,3500,3500,1.0,1712,0.48914285714285716,1788,4,10,10,103
11,naive_rejection,3500,646,0.18457142857142858,342,0.5294117647058824,304,4,10,0,3501
11,mutation,3500,2326,0.6645714285714286,810,0.3482373172828891,1516,2,6,0,3501
12,pdrs_without_replacement,3500,3500,1.0,3500,1.0,0,3,10,20,12
12,direct_grammar,3500,3500,1.0,1741,0.49742857142857144,1759,4,10,8,566
12,naive_rejection,3500,659,0.18828571428571428,333,0.5053110773899848,326,4,10,2,2816
12,mutation,3500,2295,0.6557142857142857,796,0.3468409586056645,1499,2,6,3,554
13,pdrs_without_replacement,3500,3500,1.0,3500,1.0,0,4,10,24,179
13,direct_grammar,3500,3500,1.0,1749,0.4997142857142857,1751,4,10,9,711
13,naive_rejection,3500,661,0.18885714285714286,346,0.5234493192133132,315,4,9,2,2580
13,mutation,3500,2351,0.6717142857142857,821,0.34921310080816675,1530,2,6,6,353
14,pdrs_without_replacement,3500,3500,1.0,3500,1.0,0,4,10,20,476
14,direct_grammar,3500,3500,1.0,1776,0.5074285714285715,1724,4,10,5,385
14,naive_rejection,3500,638,0.18228571428571427,330,0.5172413793103449,308,4,10,2,292
14,mutation,3500,2287,0.6534285714285715,765,0.3344993441189331,1522,2,6,4,679
15,pdrs_without_replacement,3500,3500,1.0,3500,1.0,0,3,10,23,55
15,direct_grammar,3500,3500,1.0,1745,0.49857142857142855,1755,4,10,9,80
15,naive_rejection,3500,622,0.1777142857142857,345,0.5546623794212219,277,4,10,0,3501
15,mutation,3500,2294,0.6554285714285715,782,0.34088927637314737,1512,2,6,3,561
16,pdrs_without_replacement,3500,3500,1.0,3500,1.0,0,3,9,22,53
16,direct_grammar,3500,3500,1.0,1755,0.5014285714285714,1745,4,10,9,38
16,naive_rejection,3500,665,0.19,351,0.5278195488721804,314,4,9,1,2672
16,mutation,3500,2289,0.654,804,0.35124508519003933,1485,2,6,0,3501
17,pdrs_without_replacement,3500,3500,1.0,3500,1.0,0,3,10,16,436
17,direct_grammar,3500,3500,1.0,1665,0.4757142857142857,1835,4,10,8,1359
17,naive_rejection,3500,609,0.174,313,0.5139573070607554,296,4,10,0,3501
17,mutation,3500,2260,0.6457142857142857,733,0.32433628318584073,1527,2,6,2,2437
18,pdrs_without_replacement,3500,3500,1.0,3500,1.0,0,3,10,20,38
18,direct_grammar,3500,3500,1.0,1711,0.4888571428571429,1789,4,10,10,149
18,naive_rejection,3500,638,0.18228571428571427,330,0.5172413793103449,308,4,10,4,50
18,mutation,3500,2276,0.6502857142857142,812,0.35676625659050965,1464,2,6,2,753
19,pdrs_without_replacement,3500,3500,1.0,3500,1.0,0,3,10,25,52
19,direct_grammar,3500,3500,1.0,1706,0.48742857142857143,1794,4,10,10,185
19,naive_rejection,3500,631,0.1802857142857143,316,0.5007923930269413,315,4,10,2,188
19,mutation,3500,2310,0.66,764,0.3307359307359307,1546,2,6,1,1801
20,pdrs_without_replacement,3500,3500,1.0,3500,1.0,0,4,10,28,130
20,direct_grammar,3500,3500,1.0,1770,0.5057142857142857,1730,4,10,8,337
20,naive_rejection,3500,650,0.18571428571428572,341,0.5246153846153846,309,4,10,1,1854
20,mutation,3500,2243,0.6408571428571429,764,0.34061524743646904,1479,2,6,3,436
21,pdrs_without_replacement,3500,3500,1.0,3500,1.0,0,3,10,24,128
21,direct_grammar,3500,3500,1.0,1727,0.49342857142857144,1773,4,10,6,8
21,naive_rejection,3500,630,0.18,320,0.5079365079365079,310,4,10,2,2359
21,mutation,3500,2223,0.6351428571428571,769,0.3459289248762933,1454,2,6,2,543
22,pdrs_without_replacement,3500,3500,1.0,3500,1.0,0,4,10,25,180
22,direct_grammar,3500,3500,1.0,1667,0.4762857142857143,1833,4,10,5,264
22,naive_rejection,3500,657,0.18771428571428572,337,0.512937595129376,320,4,9,3,37
22,mutation,3500,2285,0.6528571428571428,802,0.35098468271334793,1483,2,6,4,127
23,pdrs_without_replacement,3500,3500,1.0,3500,1.0,0,4,10,20,467
23,direct_grammar,3500,3500,1.0,1699,0.48542857142857143,1801,4,10,4,1211
23,naive_rejection,3500,667,0.19057142857142856,327,0.49025487256371814,340,4,10,2,725
23,mutation,3500,2262,0.6462857142857142,789,0.34880636604774534,1473,2,6,4,335
24,pdrs_without_replacement,3500,3500,1.0,3500,1.0,0,4,10,19,232
24,direct_grammar,3500,3500,1.0,1711,0.4888571428571429,1789,4,10,7,35
24,naive_rejection,3500,624,0.1782857142857143,329,0.5272435897435898,295,4,9,0,3501
24,mutation,3500,2322,0.6634285714285715,784,0.3376399655469423,1538,2,6,6,608
25,pdrs_without_replacement,3500,3500,1.0,3500,1.0,0,3,10,24,41
25,direct_grammar,3500,3500,1.0,1751,0.5002857142857143,1749,4,10,17,5
25,naive_rejection,3500,646,0.18457142857142858,345,0.5340557275541795,301,4,10,1,1503
25,mutation,3500,2260,0.6457142857142857,788,0.3486725663716814,1472,2,6,3,354
26,pdrs_without_replacement,3500,3500,1.0,3500,1.0,0,3,10,22,576
26,direct_grammar,3500,3500,1.0,1738,0.49657142857142855,1762,4,10,9,8
26,naive_rejection,3500,666,0.19028571428571428,335,0.503003003003003,331,4,10,1,3114
26,mutation,3500,2240,0.64,735,0.328125,1505,2,6,4,833
27,pdrs_without_replacement,3500,3500,1.0,3500,1.0,0,4,10,22,129
27,direct_grammar,3500,3500,1.0,1702,0.48628571428571427,1798,4,10,10,150
27,naive_rejection,3500,643,0.18371428571428572,334,0.5194401244167963,309,4,9,3,133
27,mutation,3500,2312,0.6605714285714286,770,0.33304498269896193,1542,2,6,4,138
28,pdrs_without_replacement,3500,3500,1.0,3500,1.0,0,4,10,23,28
28,direct_grammar,3500,3500,1.0,1703,0.4865714285714286,1797,4,10,6,1171
28,naive_rejection,3500,639,0.18257142857142858,315,0.49295774647887325,324,4,10,1,1147
28,mutation,3500,2261,0.646,798,0.35294117647058826,1463,2,6,1,3187
29,pdrs_without_replacement,3500,3500,1.0,3500,1.0,0,3,10,23,5
29,direct_grammar,3500,3500,1.0,1721,0.4917142857142857,1779,4,10,11,154
29,naive_rejection,3500,673,0.19228571428571428,345,0.512630014858841,328,4,10,1,2158
29,mutation,3500,2288,0.6537142857142857,800,0.34965034965034963,1488,2,6,2,688
30,pdrs_without_replacement,3500,3500,1.0,3500,1.0,0,4,10,19,2
30,direct_grammar,3500,3500,1.0,1719,0.49114285714285716,1781,4,10,9,204
30,naive_rejection,3500,645,0.18428571428571427,329,0.5100775193798449,316,4,9,2,191
30,mutation,3500,2251,0.6431428571428571,784,0.3482896490448689,1467,2,6,1,2939
31,pdrs_without_replacement,3500,3500,1.0,3500,1.0,0,3,10,23,3
31,direct_grammar,3500,3500,1.0,1715,0.49,1785,4,10,5,61
31,naive_rejection,3500,616,0.176,325,0.5275974025974026,291,4,10,3,2071
31,mutation,3500,2224,0.6354285714285715,785,0.3529676258992806,1439,2,6,3,177
32,pdrs_without_replacement,3500,3500,1.0,3500,1.0,0,4,10,23,89
32,direct_grammar,3500,3500,1.0,1681,0.48028571428571426,1819,4,10,7,36
32,naive_rejection,3500,639,0.18257142857142858,343,0.5367762128325508,296,4,10,2,1185
32,mutation,3500,2265,0.6471428571428571,780,0.3443708609271523,1485,2,6,4,384
33,pdrs_without_replacement,3500,3500,1.0,3500,1.0,0,4,10,18,341
33,direct_grammar,3500,3500,1.0,1702,0.48628571428571427,1798,4,10,7,628
33,naive_rejection,3500,672,0.192,333,0.4955357142857143,339,4,10,0,3501
33,mutation,3500,2239,0.6397142857142857,775,0.34613666815542654,1464,2,6,4,639
34,pdrs_without_replacement,3500,3500,1.0,3500,1.0,0,4,10,25,478
34,direct_grammar,3500,3500,1.0,1703,0.4865714285714286,1797,4,10,8,316
34,naive_rejection,3500,645,0.18428571428571427,341,0.5286821705426357,304,4,10,4,1193
34,mutation,3500,2285,0.6528571428571428,771,0.337417943107221,1514,2,6,4,1037
35,pdrs_without_replacement,3500,3500,1.0,3500,1.0,0,3,10,19,280
35,direct_grammar,3500,3500,1.0,1702,0.48628571428571427,1798,4,10,4,468
35,naive_rejection,3500,676,0.19314285714285714,360,0.5325443786982249,316,4,10,2,958
35,mutation,3500,2310,0.66,759,0.32857142857142857,1551,2,6,2,1150
36,pdrs_without_replacement,3500,3500,1.0,3500,1.0,0,3,10,25,71
36,direct_grammar,3500,3500,1.0,1751,0.5002857142857143,1749,4,10,9,191
36,naive_rejection,3500,676,0.19314285714285714,354,0.5236686390532544,322,4,9,2,679
36,mutation,3500,2264,0.6468571428571429,784,0.3462897526501767,1480,2,6,0,3501
37,pdrs_without_replacement,3500,3500,1.0,3500,1.0,0,3,10,25,29
37,direct_grammar,3500,3500,1.0,1744,0.4982857142857143,1756,4,10,5,516
37,naive_rejection,3500,633,0.18085714285714286,323,0.5102685624012638,310,4,10,4,1860
37,mutation,3500,2242,0.6405714285714286,765,0.3412132024977699,1477,2,6,1,811
38,pdrs_without_replacement,3500,3500,1.0,3500,1.0,0,3,10,22,38
38,direct_grammar,3500,3500,1.0,1751,0.5002857142857143,1749,4,10,9,116
38,naive_rejection,3500,682,0.19485714285714287,334,0.4897360703812317,348,4,10,2,1269
38,mutation,3500,2275,0.65,761,0.3345054945054945,1514,2,6,2,458
39,pdrs_without_replacement,3500,3500,1.0,3500,1.0,0,3,10,18,614
39,direct_grammar,3500,3500,1.0,1666,0.476,1834,4,10,10,40
39,naive_rejection,3500,638,0.18228571428571427,322,0.5047021943573667,316,4,10,1,1844
39,mutation,3500,2327,0.6648571428571428,750,0.32230339492909327,1577,2,6,3,1127
